[      80ms] [ERROR] Error: <path> attribute d: Expected number, "…v1h1a1 1 0 0 1 1V14a1 1 0 0 1-1 …". @ http://localhost:8080/roundsim.html:66
[    2440ms] [LOG] [RSA] predictSwitchIn:entry {rosterLen: 5, activeIdx: 0, roster: *Barraskewda(161/161), Roserade(160/160), Rotom-Wash(148/148), Jynx(169/169), Goodra(196/196)} @ http://localhost:8080/js/roundsim_app.js?047ef0f2:23
[    2459ms] [LOG] [RSA] predictSwitchIn:loop {i: 1, name: Roserade, setId: Roserade (Parasol Lady Koko), hp: 160} @ http://localhost:8080/js/roundsim_app.js?047ef0f2:23
[    2466ms] [LOG] [RSA] predictSwitchIn:candidate {name: Roserade, hp: 160, score: -1, reason: Slower + OHKO'd} @ http://localhost:8080/js/roundsim_app.js?047ef0f2:23
[    2467ms] [LOG] [RSA] predictSwitchIn:loop {i: 2, name: Rotom-Wash, setId: Rotom-Wash (Parasol Lady Koko), hp: 148} @ http://localhost:8080/js/roundsim_app.js?047ef0f2:23
[    2472ms] [LOG] [RSA] predictSwitchIn:candidate {name: Rotom-Wash, hp: 148, score: -1, reason: Slower + OHKO'd} @ http://localhost:8080/js/roundsim_app.js?047ef0f2:23
[    2472ms] [LOG] [RSA] predictSwitchIn:loop {i: 3, name: Jynx, setId: Jynx (Parasol Lady Koko), hp: 169} @ http://localhost:8080/js/roundsim_app.js?047ef0f2:23
[    2476ms] [LOG] [RSA] predictSwitchIn:candidate {name: Jynx, hp: 169, score: -1, reason: Slower + OHKO'd} @ http://localhost:8080/js/roundsim_app.js?047ef0f2:23
[    2477ms] [LOG] [RSA] predictSwitchIn:loop {i: 4, name: Goodra, setId: Goodra (Parasol Lady Koko), hp: 196} @ http://localhost:8080/js/roundsim_app.js?047ef0f2:23
[    2479ms] [LOG] [RSA] predictSwitchIn:candidate {name: Goodra, hp: 196, score: -1, reason: Slower + OHKO'd} @ http://localhost:8080/js/roundsim_app.js?047ef0f2:23
[    2523ms] [LOG] [RSA] predictSwitchIn:entry {rosterLen: 5, activeIdx: 0, roster: *Barraskewda(161/161), Roserade(160/160), Rotom-Wash(148/148), Jynx(169/169), Goodra(196/196)} @ http://localhost:8080/js/roundsim_app.js?047ef0f2:23
[    2525ms] [LOG] [RSA] predictSwitchIn:loop {i: 1, name: Roserade, setId: Roserade (Parasol Lady Koko), hp: 160} @ http://localhost:8080/js/roundsim_app.js?047ef0f2:23
[    2529ms] [LOG] [RSA] predictSwitchIn:candidate {name: Roserade, hp: 160, score: -1, reason: Slower + OHKO'd} @ http://localhost:8080/js/roundsim_app.js?047ef0f2:23
[    2529ms] [LOG] [RSA] predictSwitchIn:loop {i: 2, name: Rotom-Wash, setId: Rotom-Wash (Parasol Lady Koko), hp: 148} @ http://localhost:8080/js/roundsim_app.js?047ef0f2:23
[    2534ms] [LOG] [RSA] predictSwitchIn:candidate {name: Rotom-Wash, hp: 148, score: -1, reason: Slower + OHKO'd} @ http://localhost:8080/js/roundsim_app.js?047ef0f2:23
[    2534ms] [LOG] [RSA] predictSwitchIn:loop {i: 3, name: Jynx, setId: Jynx (Parasol Lady Koko), hp: 169} @ http://localhost:8080/js/roundsim_app.js?047ef0f2:23
[    2539ms] [LOG] [RSA] predictSwitchIn:candidate {name: Jynx, hp: 169, score: -1, reason: Slower + OHKO'd} @ http://localhost:8080/js/roundsim_app.js?047ef0f2:23
[    2539ms] [LOG] [RSA] predictSwitchIn:loop {i: 4, name: Goodra, setId: Goodra (Parasol Lady Koko), hp: 196} @ http://localhost:8080/js/roundsim_app.js?047ef0f2:23
[    2542ms] [LOG] [RSA] predictSwitchIn:candidate {name: Goodra, hp: 196, score: -1, reason: Slower + OHKO'd} @ http://localhost:8080/js/roundsim_app.js?047ef0f2:23
[    2611ms] [LOG] [RSA] syncP2Team:entry {p2Form: Barraskewda, rosterBefore: *Barraskewda(161/161), Roserade(160/160), Rotom-Wash(148/148), Jynx(169/169), Goodra(196/196), trainerPoks: Array(5)} @ http://localhost:8080/js/roundsim_app.js?047ef0f2:23
[    2676ms] [LOG] [RSA] syncP2Team:exit {rosterAfter: *Barraskewda(161/161), Roserade(160/160), Rotom-Wash(148/148), Jynx(169/169), Goodra(196/196), activeIdx: 0, p2Form: Barraskewda} @ http://localhost:8080/js/roundsim_app.js?047ef0f2:23
[    3884ms] [LOG] [RSA] syncP2Team:suppressed {roster: *Barraskewda(161/161), Roserade(160/160), Rotom-Wash(148/148), Jynx(169/169), Goodra(196/196)} @ http://localhost:8080/js/roundsim_app.js?047ef0f2:23
[    3940ms] [LOG] [RSA] syncP2Team:suppressed {roster: *Barraskewda(161/161), Roserade(160/160), Rotom-Wash(148/148), Jynx(169/169), Goodra(196/196)} @ http://localhost:8080/js/roundsim_app.js?047ef0f2:23
[    4021ms] [LOG] [RSA] predictSwitchIn:entry {rosterLen: 5, activeIdx: 0, roster: *Barraskewda(161/161), Roserade(160/160), Rotom-Wash(148/148), Jynx(169/169), Goodra(196/196)} @ http://localhost:8080/js/roundsim_app.js?047ef0f2:23
[    4022ms] [LOG] [RSA] predictSwitchIn:loop {i: 1, name: Roserade, setId: Roserade (Parasol Lady Koko), hp: 160} @ http://localhost:8080/js/roundsim_app.js?047ef0f2:23
[    4026ms] [LOG] [RSA] predictSwitchIn:candidate {name: Roserade, hp: 160, score: -1, reason: Slower + OHKO'd} @ http://localhost:8080/js/roundsim_app.js?047ef0f2:23
[    4027ms] [LOG] [RSA] predictSwitchIn:loop {i: 2, name: Rotom-Wash, setId: Rotom-Wash (Parasol Lady Koko), hp: 148} @ http://localhost:8080/js/roundsim_app.js?047ef0f2:23
[    4029ms] [LOG] [RSA] predictSwitchIn:candidate {name: Rotom-Wash, hp: 148, score: -1, reason: Slower + OHKO'd} @ http://localhost:8080/js/roundsim_app.js?047ef0f2:23
[    4030ms] [LOG] [RSA] predictSwitchIn:loop {i: 3, name: Jynx, setId: Jynx (Parasol Lady Koko), hp: 169} @ http://localhost:8080/js/roundsim_app.js?047ef0f2:23
[    4032ms] [LOG] [RSA] predictSwitchIn:candidate {name: Jynx, hp: 169, score: -1, reason: Slower + OHKO'd} @ http://localhost:8080/js/roundsim_app.js?047ef0f2:23
[    4032ms] [LOG] [RSA] predictSwitchIn:loop {i: 4, name: Goodra, setId: Goodra (Parasol Lady Koko), hp: 196} @ http://localhost:8080/js/roundsim_app.js?047ef0f2:23
[    4035ms] [LOG] [RSA] predictSwitchIn:candidate {name: Goodra, hp: 196, score: -1, reason: Slower + OHKO'd} @ http://localhost:8080/js/roundsim_app.js?047ef0f2:23
[    4069ms] [LOG] [RSA] syncP2Team:suppressed {roster: *Barraskewda(161/161), Roserade(160/160), Rotom-Wash(148/148), Jynx(169/169), Goodra(196/196)} @ http://localhost:8080/js/roundsim_app.js?047ef0f2:23
[    4186ms] [LOG] [RSA] syncP2Team:suppressed {roster: *Barraskewda(161/161), Roserade(160/160), Rotom-Wash(148/148), Jynx(169/169), Goodra(196/196)} @ http://localhost:8080/js/roundsim_app.js?047ef0f2:23
[    4189ms] [LOG] [RSA] predictSwitchIn:entry {rosterLen: 5, activeIdx: 0, roster: *Barraskewda(161/161), Roserade(160/160), Rotom-Wash(148/148), Jynx(169/169), Goodra(196/196)} @ http://localhost:8080/js/roundsim_app.js?047ef0f2:23
[    4192ms] [LOG] [RSA] predictSwitchIn:loop {i: 1, name: Roserade, setId: Roserade (Parasol Lady Koko), hp: 160} @ http://localhost:8080/js/roundsim_app.js?047ef0f2:23
[    4196ms] [LOG] [RSA] predictSwitchIn:candidate {name: Roserade, hp: 160, score: -1, reason: Slower + OHKO'd} @ http://localhost:8080/js/roundsim_app.js?047ef0f2:23
[    4196ms] [LOG] [RSA] predictSwitchIn:loop {i: 2, name: Rotom-Wash, setId: Rotom-Wash (Parasol Lady Koko), hp: 148} @ http://localhost:8080/js/roundsim_app.js?047ef0f2:23
[    4200ms] [LOG] [RSA] predictSwitchIn:candidate {name: Rotom-Wash, hp: 148, score: -1, reason: Slower + OHKO'd} @ http://localhost:8080/js/roundsim_app.js?047ef0f2:23
[    4201ms] [LOG] [RSA] predictSwitchIn:loop {i: 3, name: Jynx, setId: Jynx (Parasol Lady Koko), hp: 169} @ http://localhost:8080/js/roundsim_app.js?047ef0f2:23
[    4204ms] [LOG] [RSA] predictSwitchIn:candidate {name: Jynx, hp: 169, score: -1, reason: Slower + OHKO'd} @ http://localhost:8080/js/roundsim_app.js?047ef0f2:23
[    4205ms] [LOG] [RSA] predictSwitchIn:loop {i: 4, name: Goodra, setId: Goodra (Parasol Lady Koko), hp: 196} @ http://localhost:8080/js/roundsim_app.js?047ef0f2:23
[    4209ms] [LOG] [RSA] predictSwitchIn:candidate {name: Goodra, hp: 196, score: -1, reason: Slower + OHKO'd} @ http://localhost:8080/js/roundsim_app.js?047ef0f2:23
[    4258ms] [LOG] [RSA] predictSwitchIn:entry {rosterLen: 5, activeIdx: 0, roster: *Barraskewda(161/161), Roserade(160/160), Rotom-Wash(148/148), Jynx(169/169), Goodra(196/196)} @ http://localhost:8080/js/roundsim_app.js?047ef0f2:23
[    4259ms] [LOG] [RSA] predictSwitchIn:loop {i: 1, name: Roserade, setId: Roserade (Parasol Lady Koko), hp: 160} @ http://localhost:8080/js/roundsim_app.js?047ef0f2:23
[    4262ms] [LOG] [RSA] predictSwitchIn:candidate {name: Roserade, hp: 160, score: -1, reason: Slower + OHKO'd} @ http://localhost:8080/js/roundsim_app.js?047ef0f2:23
[    4262ms] [LOG] [RSA] predictSwitchIn:loop {i: 2, name: Rotom-Wash, setId: Rotom-Wash (Parasol Lady Koko), hp: 148} @ http://localhost:8080/js/roundsim_app.js?047ef0f2:23
[    4265ms] [LOG] [RSA] predictSwitchIn:candidate {name: Rotom-Wash, hp: 148, score: -1, reason: Slower + OHKO'd} @ http://localhost:8080/js/roundsim_app.js?047ef0f2:23
[    4266ms] [LOG] [RSA] predictSwitchIn:loop {i: 3, name: Jynx, setId: Jynx (Parasol Lady Koko), hp: 169} @ http://localhost:8080/js/roundsim_app.js?047ef0f2:23
[    4270ms] [LOG] [RSA] predictSwitchIn:candidate {name: Jynx, hp: 169, score: -1, reason: Slower + OHKO'd} @ http://localhost:8080/js/roundsim_app.js?047ef0f2:23
[    4270ms] [LOG] [RSA] predictSwitchIn:loop {i: 4, name: Goodra, setId: Goodra (Parasol Lady Koko), hp: 196} @ http://localhost:8080/js/roundsim_app.js?047ef0f2:23
[    4273ms] [LOG] [RSA] predictSwitchIn:candidate {name: Goodra, hp: 196, score: -1, reason: Slower + OHKO'd} @ http://localhost:8080/js/roundsim_app.js?047ef0f2:23
[    4333ms] [LOG] [RSA] predictSwitchIn:entry {rosterLen: 5, activeIdx: 0, roster: *Barraskewda(161/161), Roserade(160/160), Rotom-Wash(148/148), Jynx(169/169), Goodra(196/196)} @ http://localhost:8080/js/roundsim_app.js?047ef0f2:23
[    4334ms] [LOG] [RSA] predictSwitchIn:loop {i: 1, name: Roserade, setId: Roserade (Parasol Lady Koko), hp: 160} @ http://localhost:8080/js/roundsim_app.js?047ef0f2:23
[    4337ms] [LOG] [RSA] predictSwitchIn:candidate {name: Roserade, hp: 160, score: -1, reason: Slower + OHKO'd} @ http://localhost:8080/js/roundsim_app.js?047ef0f2:23
[    4337ms] [LOG] [RSA] predictSwitchIn:loop {i: 2, name: Rotom-Wash, setId: Rotom-Wash (Parasol Lady Koko), hp: 148} @ http://localhost:8080/js/roundsim_app.js?047ef0f2:23
[    4340ms] [LOG] [RSA] predictSwitchIn:candidate {name: Rotom-Wash, hp: 148, score: -1, reason: Slower + OHKO'd} @ http://localhost:8080/js/roundsim_app.js?047ef0f2:23
[    4342ms] [LOG] [RSA] predictSwitchIn:loop {i: 3, name: Jynx, setId: Jynx (Parasol Lady Koko), hp: 169} @ http://localhost:8080/js/roundsim_app.js?047ef0f2:23
[    4344ms] [LOG] [RSA] predictSwitchIn:candidate {name: Jynx, hp: 169, score: -1, reason: Slower + OHKO'd} @ http://localhost:8080/js/roundsim_app.js?047ef0f2:23
[    4344ms] [LOG] [RSA] predictSwitchIn:loop {i: 4, name: Goodra, setId: Goodra (Parasol Lady Koko), hp: 196} @ http://localhost:8080/js/roundsim_app.js?047ef0f2:23
[    4347ms] [LOG] [RSA] predictSwitchIn:candidate {name: Goodra, hp: 196, score: -1, reason: Slower + OHKO'd} @ http://localhost:8080/js/roundsim_app.js?047ef0f2:23
[    4429ms] [LOG] [RSA] predictSwitchIn:entry {rosterLen: 5, activeIdx: 0, roster: *Barraskewda(161/161), Roserade(160/160), Rotom-Wash(148/148), Jynx(169/169), Goodra(196/196)} @ http://localhost:8080/js/roundsim_app.js?047ef0f2:23
[    4430ms] [LOG] [RSA] predictSwitchIn:loop {i: 1, name: Roserade, setId: Roserade (Parasol Lady Koko), hp: 160} @ http://localhost:8080/js/roundsim_app.js?047ef0f2:23
[    4432ms] [LOG] [RSA] predictSwitchIn:candidate {name: Roserade, hp: 160, score: -1, reason: Slower + OHKO'd} @ http://localhost:8080/js/roundsim_app.js?047ef0f2:23
[    4433ms] [LOG] [RSA] predictSwitchIn:loop {i: 2, name: Rotom-Wash, setId: Rotom-Wash (Parasol Lady Koko), hp: 148} @ http://localhost:8080/js/roundsim_app.js?047ef0f2:23
[    4436ms] [LOG] [RSA] predictSwitchIn:candidate {name: Rotom-Wash, hp: 148, score: -1, reason: Slower + OHKO'd} @ http://localhost:8080/js/roundsim_app.js?047ef0f2:23
[    4436ms] [LOG] [RSA] predictSwitchIn:loop {i: 3, name: Jynx, setId: Jynx (Parasol Lady Koko), hp: 169} @ http://localhost:8080/js/roundsim_app.js?047ef0f2:23
[    4439ms] [LOG] [RSA] predictSwitchIn:candidate {name: Jynx, hp: 169, score: -1, reason: Slower + OHKO'd} @ http://localhost:8080/js/roundsim_app.js?047ef0f2:23
[    4440ms] [LOG] [RSA] predictSwitchIn:loop {i: 4, name: Goodra, setId: Goodra (Parasol Lady Koko), hp: 196} @ http://localhost:8080/js/roundsim_app.js?047ef0f2:23
[    4442ms] [LOG] [RSA] predictSwitchIn:candidate {name: Goodra, hp: 196, score: -1, reason: Slower + OHKO'd} @ http://localhost:8080/js/roundsim_app.js?047ef0f2:23
[    5192ms] [LOG] [RSA] predictSwitchIn:entry {rosterLen: 5, activeIdx: 0, roster: *Barraskewda(161/161), Roserade(160/160), Rotom-Wash(148/148), Jynx(169/169), Goodra(196/196)} @ http://localhost:8080/js/roundsim_app.js?047ef0f2:23
[    5193ms] [LOG] [RSA] predictSwitchIn:loop {i: 1, name: Roserade, setId: Roserade (Parasol Lady Koko), hp: 160} @ http://localhost:8080/js/roundsim_app.js?047ef0f2:23
[    5196ms] [LOG] [RSA] predictSwitchIn:candidate {name: Roserade, hp: 160, score: -1, reason: Slower + OHKO'd} @ http://localhost:8080/js/roundsim_app.js?047ef0f2:23
[    5196ms] [LOG] [RSA] predictSwitchIn:loop {i: 2, name: Rotom-Wash, setId: Rotom-Wash (Parasol Lady Koko), hp: 148} @ http://localhost:8080/js/roundsim_app.js?047ef0f2:23
[    5200ms] [LOG] [RSA] predictSwitchIn:candidate {name: Rotom-Wash, hp: 148, score: -1, reason: Slower + OHKO'd} @ http://localhost:8080/js/roundsim_app.js?047ef0f2:23
[    5200ms] [LOG] [RSA] predictSwitchIn:loop {i: 3, name: Jynx, setId: Jynx (Parasol Lady Koko), hp: 169} @ http://localhost:8080/js/roundsim_app.js?047ef0f2:23
[    5203ms] [LOG] [RSA] predictSwitchIn:candidate {name: Jynx, hp: 169, score: -1, reason: Slower + OHKO'd} @ http://localhost:8080/js/roundsim_app.js?047ef0f2:23
[    5204ms] [LOG] [RSA] predictSwitchIn:loop {i: 4, name: Goodra, setId: Goodra (Parasol Lady Koko), hp: 196} @ http://localhost:8080/js/roundsim_app.js?047ef0f2:23
[    5220ms] [LOG] [RSA] predictSwitchIn:candidate {name: Goodra, hp: 196, score: -1, reason: Slower + OHKO'd} @ http://localhost:8080/js/roundsim_app.js?047ef0f2:23
[    5241ms] [LOG] [RSA] predictSwitchIn:entry {rosterLen: 5, activeIdx: 0, roster: *Barraskewda(161/161), Roserade(160/160), Rotom-Wash(148/148), Jynx(169/169), Goodra(196/196)} @ http://localhost:8080/js/roundsim_app.js?047ef0f2:23
[    5242ms] [LOG] [RSA] predictSwitchIn:loop {i: 1, name: Roserade, setId: Roserade (Parasol Lady Koko), hp: 160} @ http://localhost:8080/js/roundsim_app.js?047ef0f2:23
[    5245ms] [LOG] [RSA] predictSwitchIn:candidate {name: Roserade, hp: 160, score: -1, reason: Slower + OHKO'd} @ http://localhost:8080/js/roundsim_app.js?047ef0f2:23
[    5245ms] [LOG] [RSA] predictSwitchIn:loop {i: 2, name: Rotom-Wash, setId: Rotom-Wash (Parasol Lady Koko), hp: 148} @ http://localhost:8080/js/roundsim_app.js?047ef0f2:23
[    5248ms] [LOG] [RSA] predictSwitchIn:candidate {name: Rotom-Wash, hp: 148, score: -1, reason: Slower + OHKO'd} @ http://localhost:8080/js/roundsim_app.js?047ef0f2:23
[    5248ms] [LOG] [RSA] predictSwitchIn:loop {i: 3, name: Jynx, setId: Jynx (Parasol Lady Koko), hp: 169} @ http://localhost:8080/js/roundsim_app.js?047ef0f2:23
[    5251ms] [LOG] [RSA] predictSwitchIn:candidate {name: Jynx, hp: 169, score: -1, reason: Slower + OHKO'd} @ http://localhost:8080/js/roundsim_app.js?047ef0f2:23
[    5252ms] [LOG] [RSA] predictSwitchIn:loop {i: 4, name: Goodra, setId: Goodra (Parasol Lady Koko), hp: 196} @ http://localhost:8080/js/roundsim_app.js?047ef0f2:23
[    5256ms] [LOG] [RSA] predictSwitchIn:candidate {name: Goodra, hp: 196, score: -1, reason: Slower + OHKO'd} @ http://localhost:8080/js/roundsim_app.js?047ef0f2:23
[    5337ms] [LOG] [RSA] predictSwitchIn:entry {rosterLen: 5, activeIdx: 0, roster: *Barraskewda(161/161), Roserade(160/160), Rotom-Wash(148/148), Jynx(169/169), Goodra(196/196)} @ http://localhost:8080/js/roundsim_app.js?047ef0f2:23
[    5338ms] [LOG] [RSA] predictSwitchIn:loop {i: 1, name: Roserade, setId: Roserade (Parasol Lady Koko), hp: 160} @ http://localhost:8080/js/roundsim_app.js?047ef0f2:23
[    5340ms] [LOG] [RSA] predictSwitchIn:candidate {name: Roserade, hp: 160, score: -1, reason: Slower + OHKO'd} @ http://localhost:8080/js/roundsim_app.js?047ef0f2:23
[    5341ms] [LOG] [RSA] predictSwitchIn:loop {i: 2, name: Rotom-Wash, setId: Rotom-Wash (Parasol Lady Koko), hp: 148} @ http://localhost:8080/js/roundsim_app.js?047ef0f2:23
[    5343ms] [LOG] [RSA] predictSwitchIn:candidate {name: Rotom-Wash, hp: 148, score: -1, reason: Slower + OHKO'd} @ http://localhost:8080/js/roundsim_app.js?047ef0f2:23
[    5343ms] [LOG] [RSA] predictSwitchIn:loop {i: 3, name: Jynx, setId: Jynx (Parasol Lady Koko), hp: 169} @ http://localhost:8080/js/roundsim_app.js?047ef0f2:23
[    5346ms] [LOG] [RSA] predictSwitchIn:candidate {name: Jynx, hp: 169, score: -1, reason: Slower + OHKO'd} @ http://localhost:8080/js/roundsim_app.js?047ef0f2:23
[    5346ms] [LOG] [RSA] predictSwitchIn:loop {i: 4, name: Goodra, setId: Goodra (Parasol Lady Koko), hp: 196} @ http://localhost:8080/js/roundsim_app.js?047ef0f2:23
[    5348ms] [LOG] [RSA] predictSwitchIn:candidate {name: Goodra, hp: 196, score: -1, reason: Slower + OHKO'd} @ http://localhost:8080/js/roundsim_app.js?047ef0f2:23
[    5441ms] [LOG] [RSA] predictSwitchIn:entry {rosterLen: 5, activeIdx: 0, roster: *Barraskewda(161/161), Roserade(160/160), Rotom-Wash(148/148), Jynx(169/169), Goodra(196/196)} @ http://localhost:8080/js/roundsim_app.js?047ef0f2:23
[    5443ms] [LOG] [RSA] predictSwitchIn:loop {i: 1, name: Roserade, setId: Roserade (Parasol Lady Koko), hp: 160} @ http://localhost:8080/js/roundsim_app.js?047ef0f2:23
[    5446ms] [LOG] [RSA] predictSwitchIn:candidate {name: Roserade, hp: 160, score: -1, reason: Slower + OHKO'd} @ http://localhost:8080/js/roundsim_app.js?047ef0f2:23
[    5446ms] [LOG] [RSA] predictSwitchIn:loop {i: 2, name: Rotom-Wash, setId: Rotom-Wash (Parasol Lady Koko), hp: 148} @ http://localhost:8080/js/roundsim_app.js?047ef0f2:23
[    5448ms] [LOG] [RSA] predictSwitchIn:candidate {name: Rotom-Wash, hp: 148, score: -1, reason: Slower + OHKO'd} @ http://localhost:8080/js/roundsim_app.js?047ef0f2:23
[    5448ms] [LOG] [RSA] predictSwitchIn:loop {i: 3, name: Jynx, setId: Jynx (Parasol Lady Koko), hp: 169} @ http://localhost:8080/js/roundsim_app.js?047ef0f2:23
[    5450ms] [LOG] [RSA] predictSwitchIn:candidate {name: Jynx, hp: 169, score: -1, reason: Slower + OHKO'd} @ http://localhost:8080/js/roundsim_app.js?047ef0f2:23
[    5451ms] [LOG] [RSA] predictSwitchIn:loop {i: 4, name: Goodra, setId: Goodra (Parasol Lady Koko), hp: 196} @ http://localhost:8080/js/roundsim_app.js?047ef0f2:23
[    5453ms] [LOG] [RSA] predictSwitchIn:candidate {name: Goodra, hp: 196, score: -1, reason: Slower + OHKO'd} @ http://localhost:8080/js/roundsim_app.js?047ef0f2:23
[    5480ms] [LOG] [RSA] predictSwitchIn:entry {rosterLen: 5, activeIdx: 0, roster: *Barraskewda(161/161), Roserade(160/160), Rotom-Wash(148/148), Jynx(169/169), Goodra(196/196)} @ http://localhost:8080/js/roundsim_app.js?047ef0f2:23
[    5481ms] [LOG] [RSA] predictSwitchIn:loop {i: 1, name: Roserade, setId: Roserade (Parasol Lady Koko), hp: 160} @ http://localhost:8080/js/roundsim_app.js?047ef0f2:23
[    5483ms] [LOG] [RSA] predictSwitchIn:candidate {name: Roserade, hp: 160, score: -1, reason: Slower + OHKO'd} @ http://localhost:8080/js/roundsim_app.js?047ef0f2:23
[    5483ms] [LOG] [RSA] predictSwitchIn:loop {i: 2, name: Rotom-Wash, setId: Rotom-Wash (Parasol Lady Koko), hp: 148} @ http://localhost:8080/js/roundsim_app.js?047ef0f2:23
[    5485ms] [LOG] [RSA] predictSwitchIn:candidate {name: Rotom-Wash, hp: 148, score: -1, reason: Slower + OHKO'd} @ http://localhost:8080/js/roundsim_app.js?047ef0f2:23
[    5486ms] [LOG] [RSA] predictSwitchIn:loop {i: 3, name: Jynx, setId: Jynx (Parasol Lady Koko), hp: 169} @ http://localhost:8080/js/roundsim_app.js?047ef0f2:23
[    5489ms] [LOG] [RSA] predictSwitchIn:candidate {name: Jynx, hp: 169, score: -1, reason: Slower + OHKO'd} @ http://localhost:8080/js/roundsim_app.js?047ef0f2:23
[    5489ms] [LOG] [RSA] predictSwitchIn:loop {i: 4, name: Goodra, setId: Goodra (Parasol Lady Koko), hp: 196} @ http://localhost:8080/js/roundsim_app.js?047ef0f2:23
[    5491ms] [LOG] [RSA] predictSwitchIn:candidate {name: Goodra, hp: 196, score: -1, reason: Slower + OHKO'd} @ http://localhost:8080/js/roundsim_app.js?047ef0f2:23
[15629789ms] [LOG] [RSA] predictSwitchIn:entry {rosterLen: 5, activeIdx: 0, roster: *Barraskewda(161/161), Roserade(160/160), Rotom-Wash(148/148), Jynx(169/169), Goodra(196/196)} @ http://localhost:8080/js/roundsim_app.js?047ef0f2:23
[15629792ms] [LOG] [RSA] predictSwitchIn:loop {i: 1, name: Roserade, setId: Roserade (Parasol Lady Koko), hp: 160} @ http://localhost:8080/js/roundsim_app.js?047ef0f2:23
[15629798ms] [LOG] [RSA] predictSwitchIn:candidate {name: Roserade, hp: 160, score: -1, reason: Slower + OHKO'd} @ http://localhost:8080/js/roundsim_app.js?047ef0f2:23
[15629798ms] [LOG] [RSA] predictSwitchIn:loop {i: 2, name: Rotom-Wash, setId: Rotom-Wash (Parasol Lady Koko), hp: 148} @ http://localhost:8080/js/roundsim_app.js?047ef0f2:23
[15629801ms] [LOG] [RSA] predictSwitchIn:candidate {name: Rotom-Wash, hp: 148, score: -1, reason: Slower + OHKO'd} @ http://localhost:8080/js/roundsim_app.js?047ef0f2:23
[15629801ms] [LOG] [RSA] predictSwitchIn:loop {i: 3, name: Jynx, setId: Jynx (Parasol Lady Koko), hp: 169} @ http://localhost:8080/js/roundsim_app.js?047ef0f2:23
[15629804ms] [LOG] [RSA] predictSwitchIn:candidate {name: Jynx, hp: 169, score: -1, reason: Slower + OHKO'd} @ http://localhost:8080/js/roundsim_app.js?047ef0f2:23
[15629804ms] [LOG] [RSA] predictSwitchIn:loop {i: 4, name: Goodra, setId: Goodra (Parasol Lady Koko), hp: 196} @ http://localhost:8080/js/roundsim_app.js?047ef0f2:23
[15629806ms] [LOG] [RSA] predictSwitchIn:candidate {name: Goodra, hp: 196, score: -1, reason: Slower + OHKO'd} @ http://localhost:8080/js/roundsim_app.js?047ef0f2:23
[15629808ms] [LOG] [RSA] predictSwitchIn:entry {rosterLen: 5, activeIdx: 0, roster: *Barraskewda(161/161), Roserade(160/160), Rotom-Wash(148/148), Jynx(169/169), Goodra(196/196)} @ http://localhost:8080/js/roundsim_app.js?047ef0f2:23
[15629809ms] [LOG] [RSA] predictSwitchIn:loop {i: 1, name: Roserade, setId: Roserade (Parasol Lady Koko), hp: 160} @ http://localhost:8080/js/roundsim_app.js?047ef0f2:23
[15629814ms] [LOG] [RSA] predictSwitchIn:candidate {name: Roserade, hp: 160, score: -1, reason: Slower + OHKO'd} @ http://localhost:8080/js/roundsim_app.js?047ef0f2:23
[15629814ms] [LOG] [RSA] predictSwitchIn:loop {i: 2, name: Rotom-Wash, setId: Rotom-Wash (Parasol Lady Koko), hp: 148} @ http://localhost:8080/js/roundsim_app.js?047ef0f2:23
[15629817ms] [LOG] [RSA] predictSwitchIn:candidate {name: Rotom-Wash, hp: 148, score: -1, reason: Slower + OHKO'd} @ http://localhost:8080/js/roundsim_app.js?047ef0f2:23
[15629817ms] [LOG] [RSA] predictSwitchIn:loop {i: 3, name: Jynx, setId: Jynx (Parasol Lady Koko), hp: 169} @ http://localhost:8080/js/roundsim_app.js?047ef0f2:23
[15629819ms] [LOG] [RSA] predictSwitchIn:candidate {name: Jynx, hp: 169, score: -1, reason: Slower + OHKO'd} @ http://localhost:8080/js/roundsim_app.js?047ef0f2:23
[15629819ms] [LOG] [RSA] predictSwitchIn:loop {i: 4, name: Goodra, setId: Goodra (Parasol Lady Koko), hp: 196} @ http://localhost:8080/js/roundsim_app.js?047ef0f2:23
[15629821ms] [LOG] [RSA] predictSwitchIn:candidate {name: Goodra, hp: 196, score: -1, reason: Slower + OHKO'd} @ http://localhost:8080/js/roundsim_app.js?047ef0f2:23
[15631027ms] [LOG] [RSA] predictSwitchIn:entry {rosterLen: 5, activeIdx: 0, roster: *Barraskewda(161/161), Roserade(160/160), Rotom-Wash(148/148), Jynx(169/169), Goodra(196/196)} @ http://localhost:8080/js/roundsim_app.js?047ef0f2:23
[15631039ms] [LOG] [RSA] predictSwitchIn:loop {i: 1, name: Roserade, setId: Roserade (Parasol Lady Koko), hp: 160} @ http://localhost:8080/js/roundsim_app.js?047ef0f2:23
[15631044ms] [LOG] [RSA] predictSwitchIn:candidate {name: Roserade, hp: 160, score: -1, reason: Slower + OHKO'd} @ http://localhost:8080/js/roundsim_app.js?047ef0f2:23
[15631044ms] [LOG] [RSA] predictSwitchIn:loop {i: 2, name: Rotom-Wash, setId: Rotom-Wash (Parasol Lady Koko), hp: 148} @ http://localhost:8080/js/roundsim_app.js?047ef0f2:23
[15631047ms] [LOG] [RSA] predictSwitchIn:candidate {name: Rotom-Wash, hp: 148, score: -1, reason: Slower + OHKO'd} @ http://localhost:8080/js/roundsim_app.js?047ef0f2:23
[15631048ms] [LOG] [RSA] predictSwitchIn:loop {i: 3, name: Jynx, setId: Jynx (Parasol Lady Koko), hp: 169} @ http://localhost:8080/js/roundsim_app.js?047ef0f2:23
[15631050ms] [LOG] [RSA] predictSwitchIn:candidate {name: Jynx, hp: 169, score: -1, reason: Slower + OHKO'd} @ http://localhost:8080/js/roundsim_app.js?047ef0f2:23
[15631050ms] [LOG] [RSA] predictSwitchIn:loop {i: 4, name: Goodra, setId: Goodra (Parasol Lady Koko), hp: 196} @ http://localhost:8080/js/roundsim_app.js?047ef0f2:23
[15631052ms] [LOG] [RSA] predictSwitchIn:candidate {name: Goodra, hp: 196, score: -1, reason: Slower + OHKO'd} @ http://localhost:8080/js/roundsim_app.js?047ef0f2:23
[15631072ms] [LOG] [RSA] predictSwitchIn:entry {rosterLen: 5, activeIdx: 0, roster: *Barraskewda(161/161), Roserade(160/160), Rotom-Wash(148/148), Jynx(169/169), Goodra(196/196)} @ http://localhost:8080/js/roundsim_app.js?047ef0f2:23
[15631074ms] [LOG] [RSA] predictSwitchIn:loop {i: 1, name: Roserade, setId: Roserade (Parasol Lady Koko), hp: 160} @ http://localhost:8080/js/roundsim_app.js?047ef0f2:23
[15631077ms] [LOG] [RSA] predictSwitchIn:candidate {name: Roserade, hp: 160, score: -1, reason: Slower + OHKO'd} @ http://localhost:8080/js/roundsim_app.js?047ef0f2:23
[15631078ms] [LOG] [RSA] predictSwitchIn:loop {i: 2, name: Rotom-Wash, setId: Rotom-Wash (Parasol Lady Koko), hp: 148} @ http://localhost:8080/js/roundsim_app.js?047ef0f2:23
[15631081ms] [LOG] [RSA] predictSwitchIn:candidate {name: Rotom-Wash, hp: 148, score: -1, reason: Slower + OHKO'd} @ http://localhost:8080/js/roundsim_app.js?047ef0f2:23
[15631081ms] [LOG] [RSA] predictSwitchIn:loop {i: 3, name: Jynx, setId: Jynx (Parasol Lady Koko), hp: 169} @ http://localhost:8080/js/roundsim_app.js?047ef0f2:23
[15631084ms] [LOG] [RSA] predictSwitchIn:candidate {name: Jynx, hp: 169, score: -1, reason: Slower + OHKO'd} @ http://localhost:8080/js/roundsim_app.js?047ef0f2:23
[15631085ms] [LOG] [RSA] predictSwitchIn:loop {i: 4, name: Goodra, setId: Goodra (Parasol Lady Koko), hp: 196} @ http://localhost:8080/js/roundsim_app.js?047ef0f2:23
[15631087ms] [LOG] [RSA] predictSwitchIn:candidate {name: Goodra, hp: 196, score: -1, reason: Slower + OHKO'd} @ http://localhost:8080/js/roundsim_app.js?047ef0f2:23
[15637183ms] [LOG] [RSA] predictSwitchIn:entry {rosterLen: 5, activeIdx: 0, roster: *Barraskewda(161/161), Roserade(160/160), Rotom-Wash(148/148), Jynx(169/169), Goodra(196/196)} @ http://localhost:8080/js/roundsim_app.js?047ef0f2:23
[15637185ms] [LOG] [RSA] predictSwitchIn:loop {i: 1, name: Roserade, setId: Roserade (Parasol Lady Koko), hp: 160} @ http://localhost:8080/js/roundsim_app.js?047ef0f2:23
[15637188ms] [LOG] [RSA] predictSwitchIn:candidate {name: Roserade, hp: 160, score: -1, reason: Slower + OHKO'd} @ http://localhost:8080/js/roundsim_app.js?047ef0f2:23
[15637188ms] [LOG] [RSA] predictSwitchIn:loop {i: 2, name: Rotom-Wash, setId: Rotom-Wash (Parasol Lady Koko), hp: 148} @ http://localhost:8080/js/roundsim_app.js?047ef0f2:23
[15637190ms] [LOG] [RSA] predictSwitchIn:candidate {name: Rotom-Wash, hp: 148, score: -1, reason: Slower + OHKO'd} @ http://localhost:8080/js/roundsim_app.js?047ef0f2:23
[15637190ms] [LOG] [RSA] predictSwitchIn:loop {i: 3, name: Jynx, setId: Jynx (Parasol Lady Koko), hp: 169} @ http://localhost:8080/js/roundsim_app.js?047ef0f2:23
[15637192ms] [LOG] [RSA] predictSwitchIn:candidate {name: Jynx, hp: 169, score: -1, reason: Slower + OHKO'd} @ http://localhost:8080/js/roundsim_app.js?047ef0f2:23
[15637192ms] [LOG] [RSA] predictSwitchIn:loop {i: 4, name: Goodra, setId: Goodra (Parasol Lady Koko), hp: 196} @ http://localhost:8080/js/roundsim_app.js?047ef0f2:23
[15637194ms] [LOG] [RSA] predictSwitchIn:candidate {name: Goodra, hp: 196, score: -1, reason: Slower + OHKO'd} @ http://localhost:8080/js/roundsim_app.js?047ef0f2:23
[15642663ms] [LOG] [RSA] predictSwitchIn:entry {rosterLen: 5, activeIdx: 0, roster: *Barraskewda(161/161), Roserade(160/160), Rotom-Wash(148/148), Jynx(169/169), Goodra(196/196)} @ http://localhost:8080/js/roundsim_app.js?047ef0f2:23
[15642667ms] [LOG] [RSA] predictSwitchIn:loop {i: 1, name: Roserade, setId: Roserade (Parasol Lady Koko), hp: 160} @ http://localhost:8080/js/roundsim_app.js?047ef0f2:23
[15642671ms] [LOG] [RSA] predictSwitchIn:candidate {name: Roserade, hp: 160, score: -1, reason: Slower + OHKO'd} @ http://localhost:8080/js/roundsim_app.js?047ef0f2:23
[15642672ms] [LOG] [RSA] predictSwitchIn:loop {i: 2, name: Rotom-Wash, setId: Rotom-Wash (Parasol Lady Koko), hp: 148} @ http://localhost:8080/js/roundsim_app.js?047ef0f2:23
[15642675ms] [LOG] [RSA] predictSwitchIn:candidate {name: Rotom-Wash, hp: 148, score: -1, reason: Slower + OHKO'd} @ http://localhost:8080/js/roundsim_app.js?047ef0f2:23
[15642675ms] [LOG] [RSA] predictSwitchIn:loop {i: 3, name: Jynx, setId: Jynx (Parasol Lady Koko), hp: 169} @ http://localhost:8080/js/roundsim_app.js?047ef0f2:23
[15642677ms] [LOG] [RSA] predictSwitchIn:candidate {name: Jynx, hp: 169, score: -1, reason: Slower + OHKO'd} @ http://localhost:8080/js/roundsim_app.js?047ef0f2:23
[15642678ms] [LOG] [RSA] predictSwitchIn:loop {i: 4, name: Goodra, setId: Goodra (Parasol Lady Koko), hp: 196} @ http://localhost:8080/js/roundsim_app.js?047ef0f2:23
[15642681ms] [LOG] [RSA] predictSwitchIn:candidate {name: Goodra, hp: 196, score: -1, reason: Slower + OHKO'd} @ http://localhost:8080/js/roundsim_app.js?047ef0f2:23
[15658910ms] [LOG] [RSA] predictSwitchIn:entry {rosterLen: 5, activeIdx: 0, roster: *Barraskewda(161/161), Roserade(160/160), Rotom-Wash(148/148), Jynx(169/169), Goodra(196/196)} @ http://localhost:8080/js/roundsim_app.js?047ef0f2:23
[15658912ms] [LOG] [RSA] predictSwitchIn:loop {i: 1, name: Roserade, setId: Roserade (Parasol Lady Koko), hp: 160} @ http://localhost:8080/js/roundsim_app.js?047ef0f2:23
[15658917ms] [LOG] [RSA] predictSwitchIn:candidate {name: Roserade, hp: 160, score: 1, reason: Faster} @ http://localhost:8080/js/roundsim_app.js?047ef0f2:23
[15658918ms] [LOG] [RSA] predictSwitchIn:loop {i: 2, name: Rotom-Wash, setId: Rotom-Wash (Parasol Lady Koko), hp: 148} @ http://localhost:8080/js/roundsim_app.js?047ef0f2:23
[15658921ms] [LOG] [RSA] predictSwitchIn:candidate {name: Rotom-Wash, hp: 148, score: 2, reason: Better trade} @ http://localhost:8080/js/roundsim_app.js?047ef0f2:23
[15658921ms] [LOG] [RSA] predictSwitchIn:loop {i: 3, name: Jynx, setId: Jynx (Parasol Lady Koko), hp: 169} @ http://localhost:8080/js/roundsim_app.js?047ef0f2:23
[15658924ms] [LOG] [RSA] predictSwitchIn:candidate {name: Jynx, hp: 169, score: 1, reason: Faster} @ http://localhost:8080/js/roundsim_app.js?047ef0f2:23
[15658925ms] [LOG] [RSA] predictSwitchIn:loop {i: 4, name: Goodra, setId: Goodra (Parasol Lady Koko), hp: 196} @ http://localhost:8080/js/roundsim_app.js?047ef0f2:23
[15658928ms] [LOG] [RSA] predictSwitchIn:candidate {name: Goodra, hp: 196, score: 2, reason: Better trade} @ http://localhost:8080/js/roundsim_app.js?047ef0f2:23
[15658928ms] [LOG] [RSA] predictSwitchIn:entry {rosterLen: 5, activeIdx: 0, roster: *Barraskewda(161/161), Roserade(160/160), Rotom-Wash(148/148), Jynx(169/169), Goodra(196/196)} @ http://localhost:8080/js/roundsim_app.js?047ef0f2:23
[15658929ms] [LOG] [RSA] predictSwitchIn:loop {i: 1, name: Roserade, setId: Roserade (Parasol Lady Koko), hp: 160} @ http://localhost:8080/js/roundsim_app.js?047ef0f2:23
[15658931ms] [LOG] [RSA] predictSwitchIn:candidate {name: Roserade, hp: 160, score: 1, reason: Faster} @ http://localhost:8080/js/roundsim_app.js?047ef0f2:23
[15658932ms] [LOG] [RSA] predictSwitchIn:loop {i: 2, name: Rotom-Wash, setId: Rotom-Wash (Parasol Lady Koko), hp: 148} @ http://localhost:8080/js/roundsim_app.js?047ef0f2:23
[15658934ms] [LOG] [RSA] predictSwitchIn:candidate {name: Rotom-Wash, hp: 148, score: 1, reason: Faster} @ http://localhost:8080/js/roundsim_app.js?047ef0f2:23
[15658935ms] [LOG] [RSA] predictSwitchIn:loop {i: 3, name: Jynx, setId: Jynx (Parasol Lady Koko), hp: 169} @ http://localhost:8080/js/roundsim_app.js?047ef0f2:23
[15658938ms] [LOG] [RSA] predictSwitchIn:candidate {name: Jynx, hp: 169, score: 5, reason: Faster + OHKO} @ http://localhost:8080/js/roundsim_app.js?047ef0f2:23
[15658939ms] [LOG] [RSA] predictSwitchIn:loop {i: 4, name: Goodra, setId: Goodra (Parasol Lady Koko), hp: 196} @ http://localhost:8080/js/roundsim_app.js?047ef0f2:23
[15658942ms] [LOG] [RSA] predictSwitchIn:candidate {name: Goodra, hp: 196, score: 0, reason: Default} @ http://localhost:8080/js/roundsim_app.js?047ef0f2:23
[15658943ms] [LOG] [RSA] predictSwitchIn:entry {rosterLen: 5, activeIdx: 0, roster: *Barraskewda(161/161), Roserade(160/160), Rotom-Wash(148/148), Jynx(169/169), Goodra(196/196)} @ http://localhost:8080/js/roundsim_app.js?047ef0f2:23
[15658945ms] [LOG] [RSA] predictSwitchIn:loop {i: 1, name: Roserade, setId: Roserade (Parasol Lady Koko), hp: 160} @ http://localhost:8080/js/roundsim_app.js?047ef0f2:23
[15658949ms] [LOG] [RSA] predictSwitchIn:candidate {name: Roserade, hp: 160, score: 5, reason: Faster + OHKO} @ http://localhost:8080/js/roundsim_app.js?047ef0f2:23
[15658949ms] [LOG] [RSA] predictSwitchIn:loop {i: 2, name: Rotom-Wash, setId: Rotom-Wash (Parasol Lady Koko), hp: 148} @ http://localhost:8080/js/roundsim_app.js?047ef0f2:23
[15658952ms] [LOG] [RSA] predictSwitchIn:candidate {name: Rotom-Wash, hp: 148, score: 3, reason: Faster + better trade} @ http://localhost:8080/js/roundsim_app.js?047ef0f2:23
[15658952ms] [LOG] [RSA] predictSwitchIn:loop {i: 3, name: Jynx, setId: Jynx (Parasol Lady Koko), hp: 169} @ http://localhost:8080/js/roundsim_app.js?047ef0f2:23
[15658956ms] [LOG] [RSA] predictSwitchIn:candidate {name: Jynx, hp: 169, score: 1, reason: Faster} @ http://localhost:8080/js/roundsim_app.js?047ef0f2:23
[15658957ms] [LOG] [RSA] predictSwitchIn:loop {i: 4, name: Goodra, setId: Goodra (Parasol Lady Koko), hp: 196} @ http://localhost:8080/js/roundsim_app.js?047ef0f2:23
[15658960ms] [LOG] [RSA] predictSwitchIn:candidate {name: Goodra, hp: 196, score: 0, reason: Default} @ http://localhost:8080/js/roundsim_app.js?047ef0f2:23
[15658961ms] [LOG] [RSA] predictSwitchIn:entry {rosterLen: 5, activeIdx: 0, roster: *Barraskewda(161/161), Roserade(160/160), Rotom-Wash(148/148), Jynx(169/169), Goodra(196/196)} @ http://localhost:8080/js/roundsim_app.js?047ef0f2:23
[15658962ms] [LOG] [RSA] predictSwitchIn:loop {i: 1, name: Roserade, setId: Roserade (Parasol Lady Koko), hp: 160} @ http://localhost:8080/js/roundsim_app.js?047ef0f2:23
[15658964ms] [LOG] [RSA] predictSwitchIn:candidate {name: Roserade, hp: 160, score: 1, reason: Faster} @ http://localhost:8080/js/roundsim_app.js?047ef0f2:23
[15658965ms] [LOG] [RSA] predictSwitchIn:loop {i: 2, name: Rotom-Wash, setId: Rotom-Wash (Parasol Lady Koko), hp: 148} @ http://localhost:8080/js/roundsim_app.js?047ef0f2:23
[15658967ms] [LOG] [RSA] predictSwitchIn:candidate {name: Rotom-Wash, hp: 148, score: 5, reason: Faster + OHKO} @ http://localhost:8080/js/roundsim_app.js?047ef0f2:23
[15658968ms] [LOG] [RSA] predictSwitchIn:loop {i: 3, name: Jynx, setId: Jynx (Parasol Lady Koko), hp: 169} @ http://localhost:8080/js/roundsim_app.js?047ef0f2:23
[15658971ms] [LOG] [RSA] predictSwitchIn:candidate {name: Jynx, hp: 169, score: 5, reason: Faster + OHKO} @ http://localhost:8080/js/roundsim_app.js?047ef0f2:23
[15658972ms] [LOG] [RSA] predictSwitchIn:loop {i: 4, name: Goodra, setId: Goodra (Parasol Lady Koko), hp: 196} @ http://localhost:8080/js/roundsim_app.js?047ef0f2:23
[15658975ms] [LOG] [RSA] predictSwitchIn:candidate {name: Goodra, hp: 196, score: 2, reason: Better trade} @ http://localhost:8080/js/roundsim_app.js?047ef0f2:23
[15658975ms] [LOG] [RSA] predictSwitchIn:entry {rosterLen: 5, activeIdx: 0, roster: *Barraskewda(161/161), Roserade(160/160), Rotom-Wash(148/148), Jynx(169/169), Goodra(196/196)} @ http://localhost:8080/js/roundsim_app.js?047ef0f2:23
[15658976ms] [LOG] [RSA] predictSwitchIn:loop {i: 1, name: Roserade, setId: Roserade (Parasol Lady Koko), hp: 160} @ http://localhost:8080/js/roundsim_app.js?047ef0f2:23
[15658978ms] [LOG] [RSA] predictSwitchIn:candidate {name: Roserade, hp: 160, score: 5, reason: Faster + OHKO} @ http://localhost:8080/js/roundsim_app.js?047ef0f2:23
[15658980ms] [LOG] [RSA] predictSwitchIn:loop {i: 2, name: Rotom-Wash, setId: Rotom-Wash (Parasol Lady Koko), hp: 148} @ http://localhost:8080/js/roundsim_app.js?047ef0f2:23
[15658984ms] [LOG] [RSA] predictSwitchIn:candidate {name: Rotom-Wash, hp: 148, score: 3, reason: Faster + better trade} @ http://localhost:8080/js/roundsim_app.js?047ef0f2:23
[15658985ms] [LOG] [RSA] predictSwitchIn:loop {i: 3, name: Jynx, setId: Jynx (Parasol Lady Koko), hp: 169} @ http://localhost:8080/js/roundsim_app.js?047ef0f2:23
[15658988ms] [LOG] [RSA] predictSwitchIn:candidate {name: Jynx, hp: 169, score: 1, reason: Faster} @ http://localhost:8080/js/roundsim_app.js?047ef0f2:23
[15658988ms] [LOG] [RSA] predictSwitchIn:loop {i: 4, name: Goodra, setId: Goodra (Parasol Lady Koko), hp: 196} @ http://localhost:8080/js/roundsim_app.js?047ef0f2:23
[15658991ms] [LOG] [RSA] predictSwitchIn:candidate {name: Goodra, hp: 196, score: 1, reason: Faster} @ http://localhost:8080/js/roundsim_app.js?047ef0f2:23
[15658992ms] [LOG] [RSA] predictSwitchIn:entry {rosterLen: 5, activeIdx: 0, roster: *Barraskewda(161/161), Roserade(160/160), Rotom-Wash(148/148), Jynx(169/169), Goodra(196/196)} @ http://localhost:8080/js/roundsim_app.js?047ef0f2:23
[15658992ms] [LOG] [RSA] predictSwitchIn:loop {i: 1, name: Roserade, setId: Roserade (Parasol Lady Koko), hp: 160} @ http://localhost:8080/js/roundsim_app.js?047ef0f2:23
[15658995ms] [LOG] [RSA] predictSwitchIn:candidate {name: Roserade, hp: 160, score: 1, reason: Faster} @ http://localhost:8080/js/roundsim_app.js?047ef0f2:23
[15658996ms] [LOG] [RSA] predictSwitchIn:loop {i: 2, name: Rotom-Wash, setId: Rotom-Wash (Parasol Lady Koko), hp: 148} @ http://localhost:8080/js/roundsim_app.js?047ef0f2:23
[15659000ms] [LOG] [RSA] predictSwitchIn:candidate {name: Rotom-Wash, hp: 148, score: 1, reason: Faster} @ http://localhost:8080/js/roundsim_app.js?047ef0f2:23
[15659001ms] [LOG] [RSA] predictSwitchIn:loop {i: 3, name: Jynx, setId: Jynx (Parasol Lady Koko), hp: 169} @ http://localhost:8080/js/roundsim_app.js?047ef0f2:23
[15659004ms] [LOG] [RSA] predictSwitchIn:candidate {name: Jynx, hp: 169, score: 1, reason: Faster} @ http://localhost:8080/js/roundsim_app.js?047ef0f2:23
[15659004ms] [LOG] [RSA] predictSwitchIn:loop {i: 4, name: Goodra, setId: Goodra (Parasol Lady Koko), hp: 196} @ http://localhost:8080/js/roundsim_app.js?047ef0f2:23
[15659007ms] [LOG] [RSA] predictSwitchIn:candidate {name: Goodra, hp: 196, score: 1, reason: Faster} @ http://localhost:8080/js/roundsim_app.js?047ef0f2:23
[15659008ms] [LOG] [RSA] predictSwitchIn:entry {rosterLen: 5, activeIdx: 0, roster: *Barraskewda(161/161), Roserade(160/160), Rotom-Wash(148/148), Jynx(169/169), Goodra(196/196)} @ http://localhost:8080/js/roundsim_app.js?047ef0f2:23
[15659008ms] [LOG] [RSA] predictSwitchIn:loop {i: 1, name: Roserade, setId: Roserade (Parasol Lady Koko), hp: 160} @ http://localhost:8080/js/roundsim_app.js?047ef0f2:23
[15659011ms] [LOG] [RSA] predictSwitchIn:candidate {name: Roserade, hp: 160, score: 4, reason: OHKO + survives} @ http://localhost:8080/js/roundsim_app.js?047ef0f2:23
[15659012ms] [LOG] [RSA] predictSwitchIn:loop {i: 2, name: Rotom-Wash, setId: Rotom-Wash (Parasol Lady Koko), hp: 148} @ http://localhost:8080/js/roundsim_app.js?047ef0f2:23
[15659014ms] [LOG] [RSA] predictSwitchIn:candidate {name: Rotom-Wash, hp: 148, score: 4, reason: OHKO + survives} @ http://localhost:8080/js/roundsim_app.js?047ef0f2:23
[15659015ms] [LOG] [RSA] predictSwitchIn:loop {i: 3, name: Jynx, setId: Jynx (Parasol Lady Koko), hp: 169} @ http://localhost:8080/js/roundsim_app.js?047ef0f2:23
[15659018ms] [LOG] [RSA] predictSwitchIn:candidate {name: Jynx, hp: 169, score: 4, reason: OHKO + survives} @ http://localhost:8080/js/roundsim_app.js?047ef0f2:23
[15659019ms] [LOG] [RSA] predictSwitchIn:loop {i: 4, name: Goodra, setId: Goodra (Parasol Lady Koko), hp: 196} @ http://localhost:8080/js/roundsim_app.js?047ef0f2:23
[15659021ms] [LOG] [RSA] predictSwitchIn:candidate {name: Goodra, hp: 196, score: 2, reason: Better trade} @ http://localhost:8080/js/roundsim_app.js?047ef0f2:23
[15659022ms] [LOG] [RSA] predictSwitchIn:entry {rosterLen: 5, activeIdx: 0, roster: *Barraskewda(161/161), Roserade(160/160), Rotom-Wash(148/148), Jynx(169/169), Goodra(196/196)} @ http://localhost:8080/js/roundsim_app.js?047ef0f2:23
[15659022ms] [LOG] [RSA] predictSwitchIn:loop {i: 1, name: Roserade, setId: Roserade (Parasol Lady Koko), hp: 160} @ http://localhost:8080/js/roundsim_app.js?047ef0f2:23
[15659025ms] [LOG] [RSA] predictSwitchIn:candidate {name: Roserade, hp: 160, score: 1, reason: Faster} @ http://localhost:8080/js/roundsim_app.js?047ef0f2:23
[15659026ms] [LOG] [RSA] predictSwitchIn:loop {i: 2, name: Rotom-Wash, setId: Rotom-Wash (Parasol Lady Koko), hp: 148} @ http://localhost:8080/js/roundsim_app.js?047ef0f2:23
[15659029ms] [LOG] [RSA] predictSwitchIn:candidate {name: Rotom-Wash, hp: 148, score: 3, reason: Faster + better trade} @ http://localhost:8080/js/roundsim_app.js?047ef0f2:23
[15659029ms] [LOG] [RSA] predictSwitchIn:loop {i: 3, name: Jynx, setId: Jynx (Parasol Lady Koko), hp: 169} @ http://localhost:8080/js/roundsim_app.js?047ef0f2:23
[15659034ms] [LOG] [RSA] predictSwitchIn:candidate {name: Jynx, hp: 169, score: 1, reason: Faster} @ http://localhost:8080/js/roundsim_app.js?047ef0f2:23
[15659035ms] [LOG] [RSA] predictSwitchIn:loop {i: 4, name: Goodra, setId: Goodra (Parasol Lady Koko), hp: 196} @ http://localhost:8080/js/roundsim_app.js?047ef0f2:23
[15659038ms] [LOG] [RSA] predictSwitchIn:candidate {name: Goodra, hp: 196, score: 3, reason: Faster + better trade} @ http://localhost:8080/js/roundsim_app.js?047ef0f2:23
[15659038ms] [LOG] [RSA] predictSwitchIn:entry {rosterLen: 5, activeIdx: 0, roster: *Barraskewda(161/161), Roserade(160/160), Rotom-Wash(148/148), Jynx(169/169), Goodra(196/196)} @ http://localhost:8080/js/roundsim_app.js?047ef0f2:23
[15659039ms] [LOG] [RSA] predictSwitchIn:loop {i: 1, name: Roserade, setId: Roserade (Parasol Lady Koko), hp: 160} @ http://localhost:8080/js/roundsim_app.js?047ef0f2:23
[15659042ms] [LOG] [RSA] predictSwitchIn:candidate {name: Roserade, hp: 160, score: 3, reason: Faster + better trade} @ http://localhost:8080/js/roundsim_app.js?047ef0f2:23
[15659042ms] [LOG] [RSA] predictSwitchIn:loop {i: 2, name: Rotom-Wash, setId: Rotom-Wash (Parasol Lady Koko), hp: 148} @ http://localhost:8080/js/roundsim_app.js?047ef0f2:23
[15659046ms] [LOG] [RSA] predictSwitchIn:candidate {name: Rotom-Wash, hp: 148, score: 1, reason: Faster} @ http://localhost:8080/js/roundsim_app.js?047ef0f2:23
[15659048ms] [LOG] [RSA] predictSwitchIn:loop {i: 3, name: Jynx, setId: Jynx (Parasol Lady Koko), hp: 169} @ http://localhost:8080/js/roundsim_app.js?047ef0f2:23
[15659052ms] [LOG] [RSA] predictSwitchIn:candidate {name: Jynx, hp: 169, score: 3, reason: Faster + better trade} @ http://localhost:8080/js/roundsim_app.js?047ef0f2:23
[15659052ms] [LOG] [RSA] predictSwitchIn:loop {i: 4, name: Goodra, setId: Goodra (Parasol Lady Koko), hp: 196} @ http://localhost:8080/js/roundsim_app.js?047ef0f2:23
[15659055ms] [LOG] [RSA] predictSwitchIn:candidate {name: Goodra, hp: 196, score: 3, reason: Faster + better trade} @ http://localhost:8080/js/roundsim_app.js?047ef0f2:23
[15659055ms] [LOG] [RSA] predictSwitchIn:entry {rosterLen: 5, activeIdx: 0, roster: *Barraskewda(161/161), Roserade(160/160), Rotom-Wash(148/148), Jynx(169/169), Goodra(196/196)} @ http://localhost:8080/js/roundsim_app.js?047ef0f2:23
[15659056ms] [LOG] [RSA] predictSwitchIn:loop {i: 1, name: Roserade, setId: Roserade (Parasol Lady Koko), hp: 160} @ http://localhost:8080/js/roundsim_app.js?047ef0f2:23
[15659059ms] [LOG] [RSA] predictSwitchIn:candidate {name: Roserade, hp: 160, score: 0, reason: Default} @ http://localhost:8080/js/roundsim_app.js?047ef0f2:23
[15659060ms] [LOG] [RSA] predictSwitchIn:loop {i: 2, name: Rotom-Wash, setId: Rotom-Wash (Parasol Lady Koko), hp: 148} @ http://localhost:8080/js/roundsim_app.js?047ef0f2:23
[15659062ms] [LOG] [RSA] predictSwitchIn:candidate {name: Rotom-Wash, hp: 148, score: 4, reason: OHKO + survives} @ http://localhost:8080/js/roundsim_app.js?047ef0f2:23
[15659063ms] [LOG] [RSA] predictSwitchIn:loop {i: 3, name: Jynx, setId: Jynx (Parasol Lady Koko), hp: 169} @ http://localhost:8080/js/roundsim_app.js?047ef0f2:23
[15659067ms] [LOG] [RSA] predictSwitchIn:candidate {name: Jynx, hp: 169, score: 5, reason: Faster + OHKO} @ http://localhost:8080/js/roundsim_app.js?047ef0f2:23
[15659067ms] [LOG] [RSA] predictSwitchIn:loop {i: 4, name: Goodra, setId: Goodra (Parasol Lady Koko), hp: 196} @ http://localhost:8080/js/roundsim_app.js?047ef0f2:23
[15659070ms] [LOG] [RSA] predictSwitchIn:candidate {name: Goodra, hp: 196, score: 0, reason: Default} @ http://localhost:8080/js/roundsim_app.js?047ef0f2:23
[15659070ms] [LOG] [RSA] predictSwitchIn:entry {rosterLen: 5, activeIdx: 0, roster: *Barraskewda(161/161), Roserade(160/160), Rotom-Wash(148/148), Jynx(169/169), Goodra(196/196)} @ http://localhost:8080/js/roundsim_app.js?047ef0f2:23
[15659071ms] [LOG] [RSA] predictSwitchIn:loop {i: 1, name: Roserade, setId: Roserade (Parasol Lady Koko), hp: 160} @ http://localhost:8080/js/roundsim_app.js?047ef0f2:23
[15659074ms] [LOG] [RSA] predictSwitchIn:candidate {name: Roserade, hp: 160, score: 3, reason: Faster + better trade} @ http://localhost:8080/js/roundsim_app.js?047ef0f2:23
[15659075ms] [LOG] [RSA] predictSwitchIn:loop {i: 2, name: Rotom-Wash, setId: Rotom-Wash (Parasol Lady Koko), hp: 148} @ http://localhost:8080/js/roundsim_app.js?047ef0f2:23
[15659078ms] [LOG] [RSA] predictSwitchIn:candidate {name: Rotom-Wash, hp: 148, score: 3, reason: Faster + better trade} @ http://localhost:8080/js/roundsim_app.js?047ef0f2:23
[15659078ms] [LOG] [RSA] predictSwitchIn:loop {i: 3, name: Jynx, setId: Jynx (Parasol Lady Koko), hp: 169} @ http://localhost:8080/js/roundsim_app.js?047ef0f2:23
[15659081ms] [LOG] [RSA] predictSwitchIn:candidate {name: Jynx, hp: 169, score: 1, reason: Faster} @ http://localhost:8080/js/roundsim_app.js?047ef0f2:23
[15659082ms] [LOG] [RSA] predictSwitchIn:loop {i: 4, name: Goodra, setId: Goodra (Parasol Lady Koko), hp: 196} @ http://localhost:8080/js/roundsim_app.js?047ef0f2:23
[15659085ms] [LOG] [RSA] predictSwitchIn:candidate {name: Goodra, hp: 196, score: 1, reason: Faster} @ http://localhost:8080/js/roundsim_app.js?047ef0f2:23
[15659086ms] [LOG] [RSA] predictSwitchIn:entry {rosterLen: 5, activeIdx: 0, roster: *Barraskewda(161/161), Roserade(160/160), Rotom-Wash(148/148), Jynx(169/169), Goodra(196/196)} @ http://localhost:8080/js/roundsim_app.js?047ef0f2:23
[15659086ms] [LOG] [RSA] predictSwitchIn:loop {i: 1, name: Roserade, setId: Roserade (Parasol Lady Koko), hp: 160} @ http://localhost:8080/js/roundsim_app.js?047ef0f2:23
[15659089ms] [LOG] [RSA] predictSwitchIn:candidate {name: Roserade, hp: 160, score: 1, reason: Faster} @ http://localhost:8080/js/roundsim_app.js?047ef0f2:23
[15659089ms] [LOG] [RSA] predictSwitchIn:loop {i: 2, name: Rotom-Wash, setId: Rotom-Wash (Parasol Lady Koko), hp: 148} @ http://localhost:8080/js/roundsim_app.js?047ef0f2:23
[15659093ms] [LOG] [RSA] predictSwitchIn:candidate {name: Rotom-Wash, hp: 148, score: 3, reason: Faster + better trade} @ http://localhost:8080/js/roundsim_app.js?047ef0f2:23
[15659093ms] [LOG] [RSA] predictSwitchIn:loop {i: 3, name: Jynx, setId: Jynx (Parasol Lady Koko), hp: 169} @ http://localhost:8080/js/roundsim_app.js?047ef0f2:23
[15659096ms] [LOG] [RSA] predictSwitchIn:candidate {name: Jynx, hp: 169, score: 1, reason: Faster} @ http://localhost:8080/js/roundsim_app.js?047ef0f2:23
[15659096ms] [LOG] [RSA] predictSwitchIn:loop {i: 4, name: Goodra, setId: Goodra (Parasol Lady Koko), hp: 196} @ http://localhost:8080/js/roundsim_app.js?047ef0f2:23
[15659100ms] [LOG] [RSA] predictSwitchIn:candidate {name: Goodra, hp: 196, score: 1, reason: Faster} @ http://localhost:8080/js/roundsim_app.js?047ef0f2:23
[15659100ms] [LOG] [RSA] predictSwitchIn:entry {rosterLen: 5, activeIdx: 0, roster: *Barraskewda(161/161), Roserade(160/160), Rotom-Wash(148/148), Jynx(169/169), Goodra(196/196)} @ http://localhost:8080/js/roundsim_app.js?047ef0f2:23
[15659101ms] [LOG] [RSA] predictSwitchIn:loop {i: 1, name: Roserade, setId: Roserade (Parasol Lady Koko), hp: 160} @ http://localhost:8080/js/roundsim_app.js?047ef0f2:23
[15659103ms] [LOG] [RSA] predictSwitchIn:candidate {name: Roserade, hp: 160, score: -1, reason: Slower + OHKO'd} @ http://localhost:8080/js/roundsim_app.js?047ef0f2:23
[15659104ms] [LOG] [RSA] predictSwitchIn:loop {i: 2, name: Rotom-Wash, setId: Rotom-Wash (Parasol Lady Koko), hp: 148} @ http://localhost:8080/js/roundsim_app.js?047ef0f2:23
[15659106ms] [LOG] [RSA] predictSwitchIn:candidate {name: Rotom-Wash, hp: 148, score: 4, reason: OHKO + survives} @ http://localhost:8080/js/roundsim_app.js?047ef0f2:23
[15659107ms] [LOG] [RSA] predictSwitchIn:loop {i: 3, name: Jynx, setId: Jynx (Parasol Lady Koko), hp: 169} @ http://localhost:8080/js/roundsim_app.js?047ef0f2:23
[15659111ms] [LOG] [RSA] predictSwitchIn:candidate {name: Jynx, hp: 169, score: -1, reason: Slower + OHKO'd} @ http://localhost:8080/js/roundsim_app.js?047ef0f2:23
[15659111ms] [LOG] [RSA] predictSwitchIn:loop {i: 4, name: Goodra, setId: Goodra (Parasol Lady Koko), hp: 196} @ http://localhost:8080/js/roundsim_app.js?047ef0f2:23
[15659114ms] [LOG] [RSA] predictSwitchIn:candidate {name: Goodra, hp: 196, score: 2, reason: Better trade} @ http://localhost:8080/js/roundsim_app.js?047ef0f2:23
[15659114ms] [LOG] [RSA] predictSwitchIn:entry {rosterLen: 5, activeIdx: 0, roster: *Barraskewda(161/161), Roserade(160/160), Rotom-Wash(148/148), Jynx(169/169), Goodra(196/196)} @ http://localhost:8080/js/roundsim_app.js?047ef0f2:23
[15659116ms] [LOG] [RSA] predictSwitchIn:loop {i: 1, name: Roserade, setId: Roserade (Parasol Lady Koko), hp: 160} @ http://localhost:8080/js/roundsim_app.js?047ef0f2:23
[15659118ms] [LOG] [RSA] predictSwitchIn:candidate {name: Roserade, hp: 160, score: 5, reason: Faster + OHKO} @ http://localhost:8080/js/roundsim_app.js?047ef0f2:23
[15659119ms] [LOG] [RSA] predictSwitchIn:loop {i: 2, name: Rotom-Wash, setId: Rotom-Wash (Parasol Lady Koko), hp: 148} @ http://localhost:8080/js/roundsim_app.js?047ef0f2:23
[15659122ms] [LOG] [RSA] predictSwitchIn:candidate {name: Rotom-Wash, hp: 148, score: 5, reason: Faster + OHKO} @ http://localhost:8080/js/roundsim_app.js?047ef0f2:23
[15659122ms] [LOG] [RSA] predictSwitchIn:loop {i: 3, name: Jynx, setId: Jynx (Parasol Lady Koko), hp: 169} @ http://localhost:8080/js/roundsim_app.js?047ef0f2:23
[15659125ms] [LOG] [RSA] predictSwitchIn:candidate {name: Jynx, hp: 169, score: 1, reason: Faster} @ http://localhost:8080/js/roundsim_app.js?047ef0f2:23
[15659126ms] [LOG] [RSA] predictSwitchIn:loop {i: 4, name: Goodra, setId: Goodra (Parasol Lady Koko), hp: 196} @ http://localhost:8080/js/roundsim_app.js?047ef0f2:23
[15659129ms] [LOG] [RSA] predictSwitchIn:candidate {name: Goodra, hp: 196, score: 1, reason: Faster} @ http://localhost:8080/js/roundsim_app.js?047ef0f2:23
[15659130ms] [LOG] [RSA] predictSwitchIn:entry {rosterLen: 5, activeIdx: 0, roster: *Barraskewda(161/161), Roserade(160/160), Rotom-Wash(148/148), Jynx(169/169), Goodra(196/196)} @ http://localhost:8080/js/roundsim_app.js?047ef0f2:23
[15659130ms] [LOG] [RSA] predictSwitchIn:loop {i: 1, name: Roserade, setId: Roserade (Parasol Lady Koko), hp: 160} @ http://localhost:8080/js/roundsim_app.js?047ef0f2:23
[15659134ms] [LOG] [RSA] predictSwitchIn:candidate {name: Roserade, hp: 160, score: 0, reason: Default} @ http://localhost:8080/js/roundsim_app.js?047ef0f2:23
[15659135ms] [LOG] [RSA] predictSwitchIn:loop {i: 2, name: Rotom-Wash, setId: Rotom-Wash (Parasol Lady Koko), hp: 148} @ http://localhost:8080/js/roundsim_app.js?047ef0f2:23
[15659137ms] [LOG] [RSA] predictSwitchIn:candidate {name: Rotom-Wash, hp: 148, score: 2, reason: Better trade} @ http://localhost:8080/js/roundsim_app.js?047ef0f2:23
[15659138ms] [LOG] [RSA] predictSwitchIn:loop {i: 3, name: Jynx, setId: Jynx (Parasol Lady Koko), hp: 169} @ http://localhost:8080/js/roundsim_app.js?047ef0f2:23
[15659140ms] [LOG] [RSA] predictSwitchIn:candidate {name: Jynx, hp: 169, score: 1, reason: Faster} @ http://localhost:8080/js/roundsim_app.js?047ef0f2:23
[15659141ms] [LOG] [RSA] predictSwitchIn:loop {i: 4, name: Goodra, setId: Goodra (Parasol Lady Koko), hp: 196} @ http://localhost:8080/js/roundsim_app.js?047ef0f2:23
[15659145ms] [LOG] [RSA] predictSwitchIn:candidate {name: Goodra, hp: 196, score: 0, reason: Default} @ http://localhost:8080/js/roundsim_app.js?047ef0f2:23
[15659146ms] [LOG] [RSA] predictSwitchIn:entry {rosterLen: 5, activeIdx: 0, roster: *Barraskewda(161/161), Roserade(160/160), Rotom-Wash(148/148), Jynx(169/169), Goodra(196/196)} @ http://localhost:8080/js/roundsim_app.js?047ef0f2:23
[15659146ms] [LOG] [RSA] predictSwitchIn:loop {i: 1, name: Roserade, setId: Roserade (Parasol Lady Koko), hp: 160} @ http://localhost:8080/js/roundsim_app.js?047ef0f2:23
[15659150ms] [LOG] [RSA] predictSwitchIn:candidate {name: Roserade, hp: 160, score: 1, reason: Faster} @ http://localhost:8080/js/roundsim_app.js?047ef0f2:23
[15659151ms] [LOG] [RSA] predictSwitchIn:loop {i: 2, name: Rotom-Wash, setId: Rotom-Wash (Parasol Lady Koko), hp: 148} @ http://localhost:8080/js/roundsim_app.js?047ef0f2:23
[15659153ms] [LOG] [RSA] predictSwitchIn:candidate {name: Rotom-Wash, hp: 148, score: 1, reason: Faster} @ http://localhost:8080/js/roundsim_app.js?047ef0f2:23
[15659154ms] [LOG] [RSA] predictSwitchIn:loop {i: 3, name: Jynx, setId: Jynx (Parasol Lady Koko), hp: 169} @ http://localhost:8080/js/roundsim_app.js?047ef0f2:23
[15659156ms] [LOG] [RSA] predictSwitchIn:candidate {name: Jynx, hp: 169, score: 5, reason: Faster + OHKO} @ http://localhost:8080/js/roundsim_app.js?047ef0f2:23
[15659157ms] [LOG] [RSA] predictSwitchIn:loop {i: 4, name: Goodra, setId: Goodra (Parasol Lady Koko), hp: 196} @ http://localhost:8080/js/roundsim_app.js?047ef0f2:23
[15659160ms] [LOG] [RSA] predictSwitchIn:candidate {name: Goodra, hp: 196, score: 1, reason: Faster} @ http://localhost:8080/js/roundsim_app.js?047ef0f2:23
[15659160ms] [LOG] [RSA] predictSwitchIn:entry {rosterLen: 5, activeIdx: 0, roster: *Barraskewda(161/161), Roserade(160/160), Rotom-Wash(148/148), Jynx(169/169), Goodra(196/196)} @ http://localhost:8080/js/roundsim_app.js?047ef0f2:23
[15659161ms] [LOG] [RSA] predictSwitchIn:loop {i: 1, name: Roserade, setId: Roserade (Parasol Lady Koko), hp: 160} @ http://localhost:8080/js/roundsim_app.js?047ef0f2:23
[15659163ms] [LOG] [RSA] predictSwitchIn:candidate {name: Roserade, hp: 160, score: 3, reason: Faster + better trade} @ http://localhost:8080/js/roundsim_app.js?047ef0f2:23
[15659163ms] [LOG] [RSA] predictSwitchIn:loop {i: 2, name: Rotom-Wash, setId: Rotom-Wash (Parasol Lady Koko), hp: 148} @ http://localhost:8080/js/roundsim_app.js?047ef0f2:23
[15659166ms] [LOG] [RSA] predictSwitchIn:candidate {name: Rotom-Wash, hp: 148, score: 1, reason: Faster} @ http://localhost:8080/js/roundsim_app.js?047ef0f2:23
[15659167ms] [LOG] [RSA] predictSwitchIn:loop {i: 3, name: Jynx, setId: Jynx (Parasol Lady Koko), hp: 169} @ http://localhost:8080/js/roundsim_app.js?047ef0f2:23
[15659170ms] [LOG] [RSA] predictSwitchIn:candidate {name: Jynx, hp: 169, score: 1, reason: Faster} @ http://localhost:8080/js/roundsim_app.js?047ef0f2:23
[15659171ms] [LOG] [RSA] predictSwitchIn:loop {i: 4, name: Goodra, setId: Goodra (Parasol Lady Koko), hp: 196} @ http://localhost:8080/js/roundsim_app.js?047ef0f2:23
[15659173ms] [LOG] [RSA] predictSwitchIn:candidate {name: Goodra, hp: 196, score: 1, reason: Faster} @ http://localhost:8080/js/roundsim_app.js?047ef0f2:23
[15659174ms] [LOG] [RSA] predictSwitchIn:entry {rosterLen: 5, activeIdx: 0, roster: *Barraskewda(161/161), Roserade(160/160), Rotom-Wash(148/148), Jynx(169/169), Goodra(196/196)} @ http://localhost:8080/js/roundsim_app.js?047ef0f2:23
[15659174ms] [LOG] [RSA] predictSwitchIn:loop {i: 1, name: Roserade, setId: Roserade (Parasol Lady Koko), hp: 160} @ http://localhost:8080/js/roundsim_app.js?047ef0f2:23
[15659178ms] [LOG] [RSA] predictSwitchIn:candidate {name: Roserade, hp: 160, score: 5, reason: Faster + OHKO} @ http://localhost:8080/js/roundsim_app.js?047ef0f2:23
[15659179ms] [LOG] [RSA] predictSwitchIn:loop {i: 2, name: Rotom-Wash, setId: Rotom-Wash (Parasol Lady Koko), hp: 148} @ http://localhost:8080/js/roundsim_app.js?047ef0f2:23
[15659183ms] [LOG] [RSA] predictSwitchIn:candidate {name: Rotom-Wash, hp: 148, score: 5, reason: Faster + OHKO} @ http://localhost:8080/js/roundsim_app.js?047ef0f2:23
[15659184ms] [LOG] [RSA] predictSwitchIn:loop {i: 3, name: Jynx, setId: Jynx (Parasol Lady Koko), hp: 169} @ http://localhost:8080/js/roundsim_app.js?047ef0f2:23
[15659186ms] [LOG] [RSA] predictSwitchIn:candidate {name: Jynx, hp: 169, score: 5, reason: Faster + OHKO} @ http://localhost:8080/js/roundsim_app.js?047ef0f2:23
[15659187ms] [LOG] [RSA] predictSwitchIn:loop {i: 4, name: Goodra, setId: Goodra (Parasol Lady Koko), hp: 196} @ http://localhost:8080/js/roundsim_app.js?047ef0f2:23
[15659189ms] [LOG] [RSA] predictSwitchIn:candidate {name: Goodra, hp: 196, score: 1, reason: Faster} @ http://localhost:8080/js/roundsim_app.js?047ef0f2:23
[15659190ms] [LOG] [RSA] predictSwitchIn:entry {rosterLen: 5, activeIdx: 0, roster: *Barraskewda(161/161), Roserade(160/160), Rotom-Wash(148/148), Jynx(169/169), Goodra(196/196)} @ http://localhost:8080/js/roundsim_app.js?047ef0f2:23
[15659190ms] [LOG] [RSA] predictSwitchIn:loop {i: 1, name: Roserade, setId: Roserade (Parasol Lady Koko), hp: 160} @ http://localhost:8080/js/roundsim_app.js?047ef0f2:23
[15659193ms] [LOG] [RSA] predictSwitchIn:candidate {name: Roserade, hp: 160, score: 1, reason: Faster} @ http://localhost:8080/js/roundsim_app.js?047ef0f2:23
[15659194ms] [LOG] [RSA] predictSwitchIn:loop {i: 2, name: Rotom-Wash, setId: Rotom-Wash (Parasol Lady Koko), hp: 148} @ http://localhost:8080/js/roundsim_app.js?047ef0f2:23
[15659196ms] [LOG] [RSA] predictSwitchIn:candidate {name: Rotom-Wash, hp: 148, score: 4, reason: OHKO + survives} @ http://localhost:8080/js/roundsim_app.js?047ef0f2:23
[15659198ms] [LOG] [RSA] predictSwitchIn:loop {i: 3, name: Jynx, setId: Jynx (Parasol Lady Koko), hp: 169} @ http://localhost:8080/js/roundsim_app.js?047ef0f2:23
[15659201ms] [LOG] [RSA] predictSwitchIn:candidate {name: Jynx, hp: 169, score: 1, reason: Faster} @ http://localhost:8080/js/roundsim_app.js?047ef0f2:23
[15659202ms] [LOG] [RSA] predictSwitchIn:loop {i: 4, name: Goodra, setId: Goodra (Parasol Lady Koko), hp: 196} @ http://localhost:8080/js/roundsim_app.js?047ef0f2:23
[15659205ms] [LOG] [RSA] predictSwitchIn:candidate {name: Goodra, hp: 196, score: 2, reason: Better trade} @ http://localhost:8080/js/roundsim_app.js?047ef0f2:23
[15659205ms] [LOG] [RSA] predictSwitchIn:entry {rosterLen: 5, activeIdx: 0, roster: *Barraskewda(161/161), Roserade(160/160), Rotom-Wash(148/148), Jynx(169/169), Goodra(196/196)} @ http://localhost:8080/js/roundsim_app.js?047ef0f2:23
[15659206ms] [LOG] [RSA] predictSwitchIn:loop {i: 1, name: Roserade, setId: Roserade (Parasol Lady Koko), hp: 160} @ http://localhost:8080/js/roundsim_app.js?047ef0f2:23
[15659208ms] [LOG] [RSA] predictSwitchIn:candidate {name: Roserade, hp: 160, score: 5, reason: Faster + OHKO} @ http://localhost:8080/js/roundsim_app.js?047ef0f2:23
[15659208ms] [LOG] [RSA] predictSwitchIn:loop {i: 2, name: Rotom-Wash, setId: Rotom-Wash (Parasol Lady Koko), hp: 148} @ http://localhost:8080/js/roundsim_app.js?047ef0f2:23
[15659212ms] [LOG] [RSA] predictSwitchIn:candidate {name: Rotom-Wash, hp: 148, score: 1, reason: Faster} @ http://localhost:8080/js/roundsim_app.js?047ef0f2:23
[15659212ms] [LOG] [RSA] predictSwitchIn:loop {i: 3, name: Jynx, setId: Jynx (Parasol Lady Koko), hp: 169} @ http://localhost:8080/js/roundsim_app.js?047ef0f2:23
[15659216ms] [LOG] [RSA] predictSwitchIn:candidate {name: Jynx, hp: 169, score: 5, reason: Faster + OHKO} @ http://localhost:8080/js/roundsim_app.js?047ef0f2:23
[15659217ms] [LOG] [RSA] predictSwitchIn:loop {i: 4, name: Goodra, setId: Goodra (Parasol Lady Koko), hp: 196} @ http://localhost:8080/js/roundsim_app.js?047ef0f2:23
[15659219ms] [LOG] [RSA] predictSwitchIn:candidate {name: Goodra, hp: 196, score: 0, reason: Default} @ http://localhost:8080/js/roundsim_app.js?047ef0f2:23
[15659220ms] [LOG] [RSA] predictSwitchIn:entry {rosterLen: 5, activeIdx: 0, roster: *Barraskewda(161/161), Roserade(160/160), Rotom-Wash(148/148), Jynx(169/169), Goodra(196/196)} @ http://localhost:8080/js/roundsim_app.js?047ef0f2:23
[15659221ms] [LOG] [RSA] predictSwitchIn:loop {i: 1, name: Roserade, setId: Roserade (Parasol Lady Koko), hp: 160} @ http://localhost:8080/js/roundsim_app.js?047ef0f2:23
[15659223ms] [LOG] [RSA] predictSwitchIn:candidate {name: Roserade, hp: 160, score: 1, reason: Faster} @ http://localhost:8080/js/roundsim_app.js?047ef0f2:23
[15659224ms] [LOG] [RSA] predictSwitchIn:loop {i: 2, name: Rotom-Wash, setId: Rotom-Wash (Parasol Lady Koko), hp: 148} @ http://localhost:8080/js/roundsim_app.js?047ef0f2:23
[15659227ms] [LOG] [RSA] predictSwitchIn:candidate {name: Rotom-Wash, hp: 148, score: 3, reason: Faster + better trade} @ http://localhost:8080/js/roundsim_app.js?047ef0f2:23
[15659229ms] [LOG] [RSA] predictSwitchIn:loop {i: 3, name: Jynx, setId: Jynx (Parasol Lady Koko), hp: 169} @ http://localhost:8080/js/roundsim_app.js?047ef0f2:23
[15659233ms] [LOG] [RSA] predictSwitchIn:candidate {name: Jynx, hp: 169, score: 5, reason: Faster + OHKO} @ http://localhost:8080/js/roundsim_app.js?047ef0f2:23
[15659234ms] [LOG] [RSA] predictSwitchIn:loop {i: 4, name: Goodra, setId: Goodra (Parasol Lady Koko), hp: 196} @ http://localhost:8080/js/roundsim_app.js?047ef0f2:23
[15659236ms] [LOG] [RSA] predictSwitchIn:candidate {name: Goodra, hp: 196, score: 2, reason: Better trade} @ http://localhost:8080/js/roundsim_app.js?047ef0f2:23
[15659237ms] [LOG] [RSA] predictSwitchIn:entry {rosterLen: 5, activeIdx: 0, roster: *Barraskewda(161/161), Roserade(160/160), Rotom-Wash(148/148), Jynx(169/169), Goodra(196/196)} @ http://localhost:8080/js/roundsim_app.js?047ef0f2:23
[15659237ms] [LOG] [RSA] predictSwitchIn:loop {i: 1, name: Roserade, setId: Roserade (Parasol Lady Koko), hp: 160} @ http://localhost:8080/js/roundsim_app.js?047ef0f2:23
[15659240ms] [LOG] [RSA] predictSwitchIn:candidate {name: Roserade, hp: 160, score: 5, reason: Faster + OHKO} @ http://localhost:8080/js/roundsim_app.js?047ef0f2:23
[15659240ms] [LOG] [RSA] predictSwitchIn:loop {i: 2, name: Rotom-Wash, setId: Rotom-Wash (Parasol Lady Koko), hp: 148} @ http://localhost:8080/js/roundsim_app.js?047ef0f2:23
[15659243ms] [LOG] [RSA] predictSwitchIn:candidate {name: Rotom-Wash, hp: 148, score: 3, reason: Faster + better trade} @ http://localhost:8080/js/roundsim_app.js?047ef0f2:23
[15659243ms] [LOG] [RSA] predictSwitchIn:loop {i: 3, name: Jynx, setId: Jynx (Parasol Lady Koko), hp: 169} @ http://localhost:8080/js/roundsim_app.js?047ef0f2:23
[15659246ms] [LOG] [RSA] predictSwitchIn:candidate {name: Jynx, hp: 169, score: 5, reason: Faster + OHKO} @ http://localhost:8080/js/roundsim_app.js?047ef0f2:23
[15659247ms] [LOG] [RSA] predictSwitchIn:loop {i: 4, name: Goodra, setId: Goodra (Parasol Lady Koko), hp: 196} @ http://localhost:8080/js/roundsim_app.js?047ef0f2:23
[15659249ms] [LOG] [RSA] predictSwitchIn:candidate {name: Goodra, hp: 196, score: 1, reason: Faster} @ http://localhost:8080/js/roundsim_app.js?047ef0f2:23
[15659250ms] [LOG] [RSA] predictSwitchIn:entry {rosterLen: 5, activeIdx: 0, roster: *Barraskewda(161/161), Roserade(160/160), Rotom-Wash(148/148), Jynx(169/169), Goodra(196/196)} @ http://localhost:8080/js/roundsim_app.js?047ef0f2:23
[15659250ms] [LOG] [RSA] predictSwitchIn:loop {i: 1, name: Roserade, setId: Roserade (Parasol Lady Koko), hp: 160} @ http://localhost:8080/js/roundsim_app.js?047ef0f2:23
[15659253ms] [LOG] [RSA] predictSwitchIn:candidate {name: Roserade, hp: 160, score: 1, reason: Faster} @ http://localhost:8080/js/roundsim_app.js?047ef0f2:23
[15659253ms] [LOG] [RSA] predictSwitchIn:loop {i: 2, name: Rotom-Wash, setId: Rotom-Wash (Parasol Lady Koko), hp: 148} @ http://localhost:8080/js/roundsim_app.js?047ef0f2:23
[15659255ms] [LOG] [RSA] predictSwitchIn:candidate {name: Rotom-Wash, hp: 148, score: 1, reason: Faster} @ http://localhost:8080/js/roundsim_app.js?047ef0f2:23
[15659256ms] [LOG] [RSA] predictSwitchIn:loop {i: 3, name: Jynx, setId: Jynx (Parasol Lady Koko), hp: 169} @ http://localhost:8080/js/roundsim_app.js?047ef0f2:23
[15659258ms] [LOG] [RSA] predictSwitchIn:candidate {name: Jynx, hp: 169, score: 5, reason: Faster + OHKO} @ http://localhost:8080/js/roundsim_app.js?047ef0f2:23
[15659259ms] [LOG] [RSA] predictSwitchIn:loop {i: 4, name: Goodra, setId: Goodra (Parasol Lady Koko), hp: 196} @ http://localhost:8080/js/roundsim_app.js?047ef0f2:23
[15659261ms] [LOG] [RSA] predictSwitchIn:candidate {name: Goodra, hp: 196, score: 1, reason: Faster} @ http://localhost:8080/js/roundsim_app.js?047ef0f2:23
[15659262ms] [LOG] [RSA] predictSwitchIn:entry {rosterLen: 5, activeIdx: 0, roster: *Barraskewda(161/161), Roserade(160/160), Rotom-Wash(148/148), Jynx(169/169), Goodra(196/196)} @ http://localhost:8080/js/roundsim_app.js?047ef0f2:23
[15659262ms] [LOG] [RSA] predictSwitchIn:loop {i: 1, name: Roserade, setId: Roserade (Parasol Lady Koko), hp: 160} @ http://localhost:8080/js/roundsim_app.js?047ef0f2:23
[15659265ms] [LOG] [RSA] predictSwitchIn:candidate {name: Roserade, hp: 160, score: 1, reason: Faster} @ http://localhost:8080/js/roundsim_app.js?047ef0f2:23
[15659265ms] [LOG] [RSA] predictSwitchIn:loop {i: 2, name: Rotom-Wash, setId: Rotom-Wash (Parasol Lady Koko), hp: 148} @ http://localhost:8080/js/roundsim_app.js?047ef0f2:23
[15659268ms] [LOG] [RSA] predictSwitchIn:candidate {name: Rotom-Wash, hp: 148, score: 1, reason: Faster} @ http://localhost:8080/js/roundsim_app.js?047ef0f2:23
[15659268ms] [LOG] [RSA] predictSwitchIn:loop {i: 3, name: Jynx, setId: Jynx (Parasol Lady Koko), hp: 169} @ http://localhost:8080/js/roundsim_app.js?047ef0f2:23
[15659270ms] [LOG] [RSA] predictSwitchIn:candidate {name: Jynx, hp: 169, score: 5, reason: Faster + OHKO} @ http://localhost:8080/js/roundsim_app.js?047ef0f2:23
[15659271ms] [LOG] [RSA] predictSwitchIn:loop {i: 4, name: Goodra, setId: Goodra (Parasol Lady Koko), hp: 196} @ http://localhost:8080/js/roundsim_app.js?047ef0f2:23
[15659274ms] [LOG] [RSA] predictSwitchIn:candidate {name: Goodra, hp: 196, score: 0, reason: Default} @ http://localhost:8080/js/roundsim_app.js?047ef0f2:23
[15659274ms] [LOG] [RSA] predictSwitchIn:entry {rosterLen: 5, activeIdx: 0, roster: *Barraskewda(161/161), Roserade(160/160), Rotom-Wash(148/148), Jynx(169/169), Goodra(196/196)} @ http://localhost:8080/js/roundsim_app.js?047ef0f2:23
[15659275ms] [LOG] [RSA] predictSwitchIn:loop {i: 1, name: Roserade, setId: Roserade (Parasol Lady Koko), hp: 160} @ http://localhost:8080/js/roundsim_app.js?047ef0f2:23
[15659277ms] [LOG] [RSA] predictSwitchIn:candidate {name: Roserade, hp: 160, score: 1, reason: Faster} @ http://localhost:8080/js/roundsim_app.js?047ef0f2:23
[15659278ms] [LOG] [RSA] predictSwitchIn:loop {i: 2, name: Rotom-Wash, setId: Rotom-Wash (Parasol Lady Koko), hp: 148} @ http://localhost:8080/js/roundsim_app.js?047ef0f2:23
[15659280ms] [LOG] [RSA] predictSwitchIn:candidate {name: Rotom-Wash, hp: 148, score: 1, reason: Faster} @ http://localhost:8080/js/roundsim_app.js?047ef0f2:23
[15659281ms] [LOG] [RSA] predictSwitchIn:loop {i: 3, name: Jynx, setId: Jynx (Parasol Lady Koko), hp: 169} @ http://localhost:8080/js/roundsim_app.js?047ef0f2:23
[15659283ms] [LOG] [RSA] predictSwitchIn:candidate {name: Jynx, hp: 169, score: 3, reason: Faster + better trade} @ http://localhost:8080/js/roundsim_app.js?047ef0f2:23
[15659283ms] [LOG] [RSA] predictSwitchIn:loop {i: 4, name: Goodra, setId: Goodra (Parasol Lady Koko), hp: 196} @ http://localhost:8080/js/roundsim_app.js?047ef0f2:23
[15659286ms] [LOG] [RSA] predictSwitchIn:candidate {name: Goodra, hp: 196, score: 3, reason: Faster + better trade} @ http://localhost:8080/js/roundsim_app.js?047ef0f2:23
[15659287ms] [LOG] [RSA] predictSwitchIn:entry {rosterLen: 5, activeIdx: 0, roster: *Barraskewda(161/161), Roserade(160/160), Rotom-Wash(148/148), Jynx(169/169), Goodra(196/196)} @ http://localhost:8080/js/roundsim_app.js?047ef0f2:23
[15659287ms] [LOG] [RSA] predictSwitchIn:loop {i: 1, name: Roserade, setId: Roserade (Parasol Lady Koko), hp: 160} @ http://localhost:8080/js/roundsim_app.js?047ef0f2:23
[15659290ms] [LOG] [RSA] predictSwitchIn:candidate {name: Roserade, hp: 160, score: 5, reason: Faster + OHKO} @ http://localhost:8080/js/roundsim_app.js?047ef0f2:23
[15659291ms] [LOG] [RSA] predictSwitchIn:loop {i: 2, name: Rotom-Wash, setId: Rotom-Wash (Parasol Lady Koko), hp: 148} @ http://localhost:8080/js/roundsim_app.js?047ef0f2:23
[15659293ms] [LOG] [RSA] predictSwitchIn:candidate {name: Rotom-Wash, hp: 148, score: 5, reason: Faster + OHKO} @ http://localhost:8080/js/roundsim_app.js?047ef0f2:23
[15659294ms] [LOG] [RSA] predictSwitchIn:loop {i: 3, name: Jynx, setId: Jynx (Parasol Lady Koko), hp: 169} @ http://localhost:8080/js/roundsim_app.js?047ef0f2:23
[15659296ms] [LOG] [RSA] predictSwitchIn:candidate {name: Jynx, hp: 169, score: 5, reason: Faster + OHKO} @ http://localhost:8080/js/roundsim_app.js?047ef0f2:23
[15659297ms] [LOG] [RSA] predictSwitchIn:loop {i: 4, name: Goodra, setId: Goodra (Parasol Lady Koko), hp: 196} @ http://localhost:8080/js/roundsim_app.js?047ef0f2:23
[15659299ms] [LOG] [RSA] predictSwitchIn:candidate {name: Goodra, hp: 196, score: 1, reason: Faster} @ http://localhost:8080/js/roundsim_app.js?047ef0f2:23
[15659299ms] [LOG] [RSA] predictSwitchIn:entry {rosterLen: 5, activeIdx: 0, roster: *Barraskewda(161/161), Roserade(160/160), Rotom-Wash(148/148), Jynx(169/169), Goodra(196/196)} @ http://localhost:8080/js/roundsim_app.js?047ef0f2:23
[15659300ms] [LOG] [RSA] predictSwitchIn:loop {i: 1, name: Roserade, setId: Roserade (Parasol Lady Koko), hp: 160} @ http://localhost:8080/js/roundsim_app.js?047ef0f2:23
[15659302ms] [LOG] [RSA] predictSwitchIn:candidate {name: Roserade, hp: 160, score: 1, reason: Faster} @ http://localhost:8080/js/roundsim_app.js?047ef0f2:23
[15659303ms] [LOG] [RSA] predictSwitchIn:loop {i: 2, name: Rotom-Wash, setId: Rotom-Wash (Parasol Lady Koko), hp: 148} @ http://localhost:8080/js/roundsim_app.js?047ef0f2:23
[15659305ms] [LOG] [RSA] predictSwitchIn:candidate {name: Rotom-Wash, hp: 148, score: 4, reason: OHKO + survives} @ http://localhost:8080/js/roundsim_app.js?047ef0f2:23
[15659306ms] [LOG] [RSA] predictSwitchIn:loop {i: 3, name: Jynx, setId: Jynx (Parasol Lady Koko), hp: 169} @ http://localhost:8080/js/roundsim_app.js?047ef0f2:23
[15659308ms] [LOG] [RSA] predictSwitchIn:candidate {name: Jynx, hp: 169, score: 1, reason: Faster} @ http://localhost:8080/js/roundsim_app.js?047ef0f2:23
[15659308ms] [LOG] [RSA] predictSwitchIn:loop {i: 4, name: Goodra, setId: Goodra (Parasol Lady Koko), hp: 196} @ http://localhost:8080/js/roundsim_app.js?047ef0f2:23
[15659311ms] [LOG] [RSA] predictSwitchIn:candidate {name: Goodra, hp: 196, score: 2, reason: Better trade} @ http://localhost:8080/js/roundsim_app.js?047ef0f2:23
[15659311ms] [LOG] [RSA] predictSwitchIn:entry {rosterLen: 5, activeIdx: 0, roster: *Barraskewda(161/161), Roserade(160/160), Rotom-Wash(148/148), Jynx(169/169), Goodra(196/196)} @ http://localhost:8080/js/roundsim_app.js?047ef0f2:23
[15659312ms] [LOG] [RSA] predictSwitchIn:loop {i: 1, name: Roserade, setId: Roserade (Parasol Lady Koko), hp: 160} @ http://localhost:8080/js/roundsim_app.js?047ef0f2:23
[15659314ms] [LOG] [RSA] predictSwitchIn:candidate {name: Roserade, hp: 160, score: 5, reason: Faster + OHKO} @ http://localhost:8080/js/roundsim_app.js?047ef0f2:23
[15659314ms] [LOG] [RSA] predictSwitchIn:loop {i: 2, name: Rotom-Wash, setId: Rotom-Wash (Parasol Lady Koko), hp: 148} @ http://localhost:8080/js/roundsim_app.js?047ef0f2:23
[15659317ms] [LOG] [RSA] predictSwitchIn:candidate {name: Rotom-Wash, hp: 148, score: 5, reason: Faster + OHKO} @ http://localhost:8080/js/roundsim_app.js?047ef0f2:23
[15659317ms] [LOG] [RSA] predictSwitchIn:loop {i: 3, name: Jynx, setId: Jynx (Parasol Lady Koko), hp: 169} @ http://localhost:8080/js/roundsim_app.js?047ef0f2:23
[15659319ms] [LOG] [RSA] predictSwitchIn:candidate {name: Jynx, hp: 169, score: 5, reason: Faster + OHKO} @ http://localhost:8080/js/roundsim_app.js?047ef0f2:23
[15659320ms] [LOG] [RSA] predictSwitchIn:loop {i: 4, name: Goodra, setId: Goodra (Parasol Lady Koko), hp: 196} @ http://localhost:8080/js/roundsim_app.js?047ef0f2:23
[15659322ms] [LOG] [RSA] predictSwitchIn:candidate {name: Goodra, hp: 196, score: 3, reason: Faster + better trade} @ http://localhost:8080/js/roundsim_app.js?047ef0f2:23
[15659322ms] [LOG] [RSA] predictSwitchIn:entry {rosterLen: 5, activeIdx: 0, roster: *Barraskewda(161/161), Roserade(160/160), Rotom-Wash(148/148), Jynx(169/169), Goodra(196/196)} @ http://localhost:8080/js/roundsim_app.js?047ef0f2:23
[15659323ms] [LOG] [RSA] predictSwitchIn:loop {i: 1, name: Roserade, setId: Roserade (Parasol Lady Koko), hp: 160} @ http://localhost:8080/js/roundsim_app.js?047ef0f2:23
[15659325ms] [LOG] [RSA] predictSwitchIn:candidate {name: Roserade, hp: 160, score: 1, reason: Faster} @ http://localhost:8080/js/roundsim_app.js?047ef0f2:23
[15659325ms] [LOG] [RSA] predictSwitchIn:loop {i: 2, name: Rotom-Wash, setId: Rotom-Wash (Parasol Lady Koko), hp: 148} @ http://localhost:8080/js/roundsim_app.js?047ef0f2:23
[15659328ms] [LOG] [RSA] predictSwitchIn:candidate {name: Rotom-Wash, hp: 148, score: 1, reason: Faster} @ http://localhost:8080/js/roundsim_app.js?047ef0f2:23
[15659328ms] [LOG] [RSA] predictSwitchIn:loop {i: 3, name: Jynx, setId: Jynx (Parasol Lady Koko), hp: 169} @ http://localhost:8080/js/roundsim_app.js?047ef0f2:23
[15659331ms] [LOG] [RSA] predictSwitchIn:candidate {name: Jynx, hp: 169, score: 1, reason: Faster} @ http://localhost:8080/js/roundsim_app.js?047ef0f2:23
[15659332ms] [LOG] [RSA] predictSwitchIn:loop {i: 4, name: Goodra, setId: Goodra (Parasol Lady Koko), hp: 196} @ http://localhost:8080/js/roundsim_app.js?047ef0f2:23
[15659335ms] [LOG] [RSA] predictSwitchIn:candidate {name: Goodra, hp: 196, score: 1, reason: Faster} @ http://localhost:8080/js/roundsim_app.js?047ef0f2:23
[15659336ms] [LOG] [RSA] predictSwitchIn:entry {rosterLen: 5, activeIdx: 0, roster: *Barraskewda(161/161), Roserade(160/160), Rotom-Wash(148/148), Jynx(169/169), Goodra(196/196)} @ http://localhost:8080/js/roundsim_app.js?047ef0f2:23
[15659336ms] [LOG] [RSA] predictSwitchIn:loop {i: 1, name: Roserade, setId: Roserade (Parasol Lady Koko), hp: 160} @ http://localhost:8080/js/roundsim_app.js?047ef0f2:23
[15659338ms] [LOG] [RSA] predictSwitchIn:candidate {name: Roserade, hp: 160, score: 1, reason: Faster} @ http://localhost:8080/js/roundsim_app.js?047ef0f2:23
[15659339ms] [LOG] [RSA] predictSwitchIn:loop {i: 2, name: Rotom-Wash, setId: Rotom-Wash (Parasol Lady Koko), hp: 148} @ http://localhost:8080/js/roundsim_app.js?047ef0f2:23
[15659341ms] [LOG] [RSA] predictSwitchIn:candidate {name: Rotom-Wash, hp: 148, score: 1, reason: Faster} @ http://localhost:8080/js/roundsim_app.js?047ef0f2:23
[15659342ms] [LOG] [RSA] predictSwitchIn:loop {i: 3, name: Jynx, setId: Jynx (Parasol Lady Koko), hp: 169} @ http://localhost:8080/js/roundsim_app.js?047ef0f2:23
[15659348ms] [LOG] [RSA] predictSwitchIn:candidate {name: Jynx, hp: 169, score: 5, reason: Faster + OHKO} @ http://localhost:8080/js/roundsim_app.js?047ef0f2:23
[15659349ms] [LOG] [RSA] predictSwitchIn:loop {i: 4, name: Goodra, setId: Goodra (Parasol Lady Koko), hp: 196} @ http://localhost:8080/js/roundsim_app.js?047ef0f2:23
[15659351ms] [LOG] [RSA] predictSwitchIn:candidate {name: Goodra, hp: 196, score: 1, reason: Faster} @ http://localhost:8080/js/roundsim_app.js?047ef0f2:23
[15659352ms] [LOG] [RSA] predictSwitchIn:entry {rosterLen: 5, activeIdx: 0, roster: *Barraskewda(161/161), Roserade(160/160), Rotom-Wash(148/148), Jynx(169/169), Goodra(196/196)} @ http://localhost:8080/js/roundsim_app.js?047ef0f2:23
[15659352ms] [LOG] [RSA] predictSwitchIn:loop {i: 1, name: Roserade, setId: Roserade (Parasol Lady Koko), hp: 160} @ http://localhost:8080/js/roundsim_app.js?047ef0f2:23
[15659355ms] [LOG] [RSA] predictSwitchIn:candidate {name: Roserade, hp: 160, score: 1, reason: Faster} @ http://localhost:8080/js/roundsim_app.js?047ef0f2:23
[15659356ms] [LOG] [RSA] predictSwitchIn:loop {i: 2, name: Rotom-Wash, setId: Rotom-Wash (Parasol Lady Koko), hp: 148} @ http://localhost:8080/js/roundsim_app.js?047ef0f2:23
[15659358ms] [LOG] [RSA] predictSwitchIn:candidate {name: Rotom-Wash, hp: 148, score: 1, reason: Faster} @ http://localhost:8080/js/roundsim_app.js?047ef0f2:23
[15659359ms] [LOG] [RSA] predictSwitchIn:loop {i: 3, name: Jynx, setId: Jynx (Parasol Lady Koko), hp: 169} @ http://localhost:8080/js/roundsim_app.js?047ef0f2:23
[15659363ms] [LOG] [RSA] predictSwitchIn:candidate {name: Jynx, hp: 169, score: 5, reason: Faster + OHKO} @ http://localhost:8080/js/roundsim_app.js?047ef0f2:23
[15659364ms] [LOG] [RSA] predictSwitchIn:loop {i: 4, name: Goodra, setId: Goodra (Parasol Lady Koko), hp: 196} @ http://localhost:8080/js/roundsim_app.js?047ef0f2:23
[15659367ms] [LOG] [RSA] predictSwitchIn:candidate {name: Goodra, hp: 196, score: 1, reason: Faster} @ http://localhost:8080/js/roundsim_app.js?047ef0f2:23
[15659367ms] [LOG] [RSA] predictSwitchIn:entry {rosterLen: 5, activeIdx: 0, roster: *Barraskewda(161/161), Roserade(160/160), Rotom-Wash(148/148), Jynx(169/169), Goodra(196/196)} @ http://localhost:8080/js/roundsim_app.js?047ef0f2:23
[15659368ms] [LOG] [RSA] predictSwitchIn:loop {i: 1, name: Roserade, setId: Roserade (Parasol Lady Koko), hp: 160} @ http://localhost:8080/js/roundsim_app.js?047ef0f2:23
[15659370ms] [LOG] [RSA] predictSwitchIn:candidate {name: Roserade, hp: 160, score: 1, reason: Faster} @ http://localhost:8080/js/roundsim_app.js?047ef0f2:23
[15659371ms] [LOG] [RSA] predictSwitchIn:loop {i: 2, name: Rotom-Wash, setId: Rotom-Wash (Parasol Lady Koko), hp: 148} @ http://localhost:8080/js/roundsim_app.js?047ef0f2:23
[15659373ms] [LOG] [RSA] predictSwitchIn:candidate {name: Rotom-Wash, hp: 148, score: -1, reason: Slower + OHKO'd} @ http://localhost:8080/js/roundsim_app.js?047ef0f2:23
[15659374ms] [LOG] [RSA] predictSwitchIn:loop {i: 3, name: Jynx, setId: Jynx (Parasol Lady Koko), hp: 169} @ http://localhost:8080/js/roundsim_app.js?047ef0f2:23
[15659377ms] [LOG] [RSA] predictSwitchIn:candidate {name: Jynx, hp: 169, score: 5, reason: Faster + OHKO} @ http://localhost:8080/js/roundsim_app.js?047ef0f2:23
[15659378ms] [LOG] [RSA] predictSwitchIn:loop {i: 4, name: Goodra, setId: Goodra (Parasol Lady Koko), hp: 196} @ http://localhost:8080/js/roundsim_app.js?047ef0f2:23
[15659382ms] [LOG] [RSA] predictSwitchIn:candidate {name: Goodra, hp: 196, score: 2, reason: Better trade} @ http://localhost:8080/js/roundsim_app.js?047ef0f2:23
[15659382ms] [LOG] [RSA] predictSwitchIn:entry {rosterLen: 5, activeIdx: 0, roster: *Barraskewda(161/161), Roserade(160/160), Rotom-Wash(148/148), Jynx(169/169), Goodra(196/196)} @ http://localhost:8080/js/roundsim_app.js?047ef0f2:23
[15659383ms] [LOG] [RSA] predictSwitchIn:loop {i: 1, name: Roserade, setId: Roserade (Parasol Lady Koko), hp: 160} @ http://localhost:8080/js/roundsim_app.js?047ef0f2:23
[15659386ms] [LOG] [RSA] predictSwitchIn:candidate {name: Roserade, hp: 160, score: -1, reason: Slower + OHKO'd} @ http://localhost:8080/js/roundsim_app.js?047ef0f2:23
[15659386ms] [LOG] [RSA] predictSwitchIn:loop {i: 2, name: Rotom-Wash, setId: Rotom-Wash (Parasol Lady Koko), hp: 148} @ http://localhost:8080/js/roundsim_app.js?047ef0f2:23
[15659388ms] [LOG] [RSA] predictSwitchIn:candidate {name: Rotom-Wash, hp: 148, score: 0, reason: Default} @ http://localhost:8080/js/roundsim_app.js?047ef0f2:23
[15659389ms] [LOG] [RSA] predictSwitchIn:loop {i: 3, name: Jynx, setId: Jynx (Parasol Lady Koko), hp: 169} @ http://localhost:8080/js/roundsim_app.js?047ef0f2:23
[15659391ms] [LOG] [RSA] predictSwitchIn:candidate {name: Jynx, hp: 169, score: 2, reason: Better trade} @ http://localhost:8080/js/roundsim_app.js?047ef0f2:23
[15659392ms] [LOG] [RSA] predictSwitchIn:loop {i: 4, name: Goodra, setId: Goodra (Parasol Lady Koko), hp: 196} @ http://localhost:8080/js/roundsim_app.js?047ef0f2:23
[15659395ms] [LOG] [RSA] predictSwitchIn:candidate {name: Goodra, hp: 196, score: -1, reason: Slower + OHKO'd} @ http://localhost:8080/js/roundsim_app.js?047ef0f2:23
[15659396ms] [LOG] [RSA] predictSwitchIn:entry {rosterLen: 5, activeIdx: 0, roster: *Barraskewda(161/161), Roserade(160/160), Rotom-Wash(148/148), Jynx(169/169), Goodra(196/196)} @ http://localhost:8080/js/roundsim_app.js?047ef0f2:23
[15659397ms] [LOG] [RSA] predictSwitchIn:loop {i: 1, name: Roserade, setId: Roserade (Parasol Lady Koko), hp: 160} @ http://localhost:8080/js/roundsim_app.js?047ef0f2:23
[15659399ms] [LOG] [RSA] predictSwitchIn:candidate {name: Roserade, hp: 160, score: 1, reason: Faster} @ http://localhost:8080/js/roundsim_app.js?047ef0f2:23
[15659400ms] [LOG] [RSA] predictSwitchIn:loop {i: 2, name: Rotom-Wash, setId: Rotom-Wash (Parasol Lady Koko), hp: 148} @ http://localhost:8080/js/roundsim_app.js?047ef0f2:23
[15659402ms] [LOG] [RSA] predictSwitchIn:candidate {name: Rotom-Wash, hp: 148, score: 5, reason: Faster + OHKO} @ http://localhost:8080/js/roundsim_app.js?047ef0f2:23
[15659403ms] [LOG] [RSA] predictSwitchIn:loop {i: 3, name: Jynx, setId: Jynx (Parasol Lady Koko), hp: 169} @ http://localhost:8080/js/roundsim_app.js?047ef0f2:23
[15659405ms] [LOG] [RSA] predictSwitchIn:candidate {name: Jynx, hp: 169, score: 5, reason: Faster + OHKO} @ http://localhost:8080/js/roundsim_app.js?047ef0f2:23
[15659405ms] [LOG] [RSA] predictSwitchIn:loop {i: 4, name: Goodra, setId: Goodra (Parasol Lady Koko), hp: 196} @ http://localhost:8080/js/roundsim_app.js?047ef0f2:23
[15659408ms] [LOG] [RSA] predictSwitchIn:candidate {name: Goodra, hp: 196, score: 2, reason: Better trade} @ http://localhost:8080/js/roundsim_app.js?047ef0f2:23
[15659409ms] [LOG] [RSA] predictSwitchIn:entry {rosterLen: 5, activeIdx: 0, roster: *Barraskewda(161/161), Roserade(160/160), Rotom-Wash(148/148), Jynx(169/169), Goodra(196/196)} @ http://localhost:8080/js/roundsim_app.js?047ef0f2:23
[15659409ms] [LOG] [RSA] predictSwitchIn:loop {i: 1, name: Roserade, setId: Roserade (Parasol Lady Koko), hp: 160} @ http://localhost:8080/js/roundsim_app.js?047ef0f2:23
[15659413ms] [LOG] [RSA] predictSwitchIn:candidate {name: Roserade, hp: 160, score: 1, reason: Faster} @ http://localhost:8080/js/roundsim_app.js?047ef0f2:23
[15659413ms] [LOG] [RSA] predictSwitchIn:loop {i: 2, name: Rotom-Wash, setId: Rotom-Wash (Parasol Lady Koko), hp: 148} @ http://localhost:8080/js/roundsim_app.js?047ef0f2:23
[15659416ms] [LOG] [RSA] predictSwitchIn:candidate {name: Rotom-Wash, hp: 148, score: 1, reason: Faster} @ http://localhost:8080/js/roundsim_app.js?047ef0f2:23
[15659416ms] [LOG] [RSA] predictSwitchIn:loop {i: 3, name: Jynx, setId: Jynx (Parasol Lady Koko), hp: 169} @ http://localhost:8080/js/roundsim_app.js?047ef0f2:23
[15659419ms] [LOG] [RSA] predictSwitchIn:candidate {name: Jynx, hp: 169, score: 1, reason: Faster} @ http://localhost:8080/js/roundsim_app.js?047ef0f2:23
[15659419ms] [LOG] [RSA] predictSwitchIn:loop {i: 4, name: Goodra, setId: Goodra (Parasol Lady Koko), hp: 196} @ http://localhost:8080/js/roundsim_app.js?047ef0f2:23
[15659421ms] [LOG] [RSA] predictSwitchIn:candidate {name: Goodra, hp: 196, score: 1, reason: Faster} @ http://localhost:8080/js/roundsim_app.js?047ef0f2:23
[15659422ms] [LOG] [RSA] predictSwitchIn:entry {rosterLen: 5, activeIdx: 0, roster: *Barraskewda(161/161), Roserade(160/160), Rotom-Wash(148/148), Jynx(169/169), Goodra(196/196)} @ http://localhost:8080/js/roundsim_app.js?047ef0f2:23
[15659423ms] [LOG] [RSA] predictSwitchIn:loop {i: 1, name: Roserade, setId: Roserade (Parasol Lady Koko), hp: 160} @ http://localhost:8080/js/roundsim_app.js?047ef0f2:23
[15659425ms] [LOG] [RSA] predictSwitchIn:candidate {name: Roserade, hp: 160, score: 1, reason: Faster} @ http://localhost:8080/js/roundsim_app.js?047ef0f2:23
[15659426ms] [LOG] [RSA] predictSwitchIn:loop {i: 2, name: Rotom-Wash, setId: Rotom-Wash (Parasol Lady Koko), hp: 148} @ http://localhost:8080/js/roundsim_app.js?047ef0f2:23
[15659429ms] [LOG] [RSA] predictSwitchIn:candidate {name: Rotom-Wash, hp: 148, score: 1, reason: Faster} @ http://localhost:8080/js/roundsim_app.js?047ef0f2:23
[15659430ms] [LOG] [RSA] predictSwitchIn:loop {i: 3, name: Jynx, setId: Jynx (Parasol Lady Koko), hp: 169} @ http://localhost:8080/js/roundsim_app.js?047ef0f2:23
[15659432ms] [LOG] [RSA] predictSwitchIn:candidate {name: Jynx, hp: 169, score: 1, reason: Faster} @ http://localhost:8080/js/roundsim_app.js?047ef0f2:23
[15659433ms] [LOG] [RSA] predictSwitchIn:loop {i: 4, name: Goodra, setId: Goodra (Parasol Lady Koko), hp: 196} @ http://localhost:8080/js/roundsim_app.js?047ef0f2:23
[15659435ms] [LOG] [RSA] predictSwitchIn:candidate {name: Goodra, hp: 196, score: 1, reason: Faster} @ http://localhost:8080/js/roundsim_app.js?047ef0f2:23
[15659435ms] [LOG] [RSA] predictSwitchIn:entry {rosterLen: 5, activeIdx: 0, roster: *Barraskewda(161/161), Roserade(160/160), Rotom-Wash(148/148), Jynx(169/169), Goodra(196/196)} @ http://localhost:8080/js/roundsim_app.js?047ef0f2:23
[15659436ms] [LOG] [RSA] predictSwitchIn:loop {i: 1, name: Roserade, setId: Roserade (Parasol Lady Koko), hp: 160} @ http://localhost:8080/js/roundsim_app.js?047ef0f2:23
[15659438ms] [LOG] [RSA] predictSwitchIn:candidate {name: Roserade, hp: 160, score: 1, reason: Faster} @ http://localhost:8080/js/roundsim_app.js?047ef0f2:23
[15659439ms] [LOG] [RSA] predictSwitchIn:loop {i: 2, name: Rotom-Wash, setId: Rotom-Wash (Parasol Lady Koko), hp: 148} @ http://localhost:8080/js/roundsim_app.js?047ef0f2:23
[15659441ms] [LOG] [RSA] predictSwitchIn:candidate {name: Rotom-Wash, hp: 148, score: 1, reason: Faster} @ http://localhost:8080/js/roundsim_app.js?047ef0f2:23
[15659442ms] [LOG] [RSA] predictSwitchIn:loop {i: 3, name: Jynx, setId: Jynx (Parasol Lady Koko), hp: 169} @ http://localhost:8080/js/roundsim_app.js?047ef0f2:23
[15659445ms] [LOG] [RSA] predictSwitchIn:candidate {name: Jynx, hp: 169, score: 3, reason: Faster + better trade} @ http://localhost:8080/js/roundsim_app.js?047ef0f2:23
[15659445ms] [LOG] [RSA] predictSwitchIn:loop {i: 4, name: Goodra, setId: Goodra (Parasol Lady Koko), hp: 196} @ http://localhost:8080/js/roundsim_app.js?047ef0f2:23
[15659449ms] [LOG] [RSA] predictSwitchIn:candidate {name: Goodra, hp: 196, score: 3, reason: Faster + better trade} @ http://localhost:8080/js/roundsim_app.js?047ef0f2:23
[15659449ms] [LOG] [RSA] predictSwitchIn:entry {rosterLen: 5, activeIdx: 0, roster: *Barraskewda(161/161), Roserade(160/160), Rotom-Wash(148/148), Jynx(169/169), Goodra(196/196)} @ http://localhost:8080/js/roundsim_app.js?047ef0f2:23
[15659450ms] [LOG] [RSA] predictSwitchIn:loop {i: 1, name: Roserade, setId: Roserade (Parasol Lady Koko), hp: 160} @ http://localhost:8080/js/roundsim_app.js?047ef0f2:23
[15659452ms] [LOG] [RSA] predictSwitchIn:candidate {name: Roserade, hp: 160, score: 1, reason: Faster} @ http://localhost:8080/js/roundsim_app.js?047ef0f2:23
[15659453ms] [LOG] [RSA] predictSwitchIn:loop {i: 2, name: Rotom-Wash, setId: Rotom-Wash (Parasol Lady Koko), hp: 148} @ http://localhost:8080/js/roundsim_app.js?047ef0f2:23
[15659456ms] [LOG] [RSA] predictSwitchIn:candidate {name: Rotom-Wash, hp: 148, score: 0, reason: Default} @ http://localhost:8080/js/roundsim_app.js?047ef0f2:23
[15659456ms] [LOG] [RSA] predictSwitchIn:loop {i: 3, name: Jynx, setId: Jynx (Parasol Lady Koko), hp: 169} @ http://localhost:8080/js/roundsim_app.js?047ef0f2:23
[15659458ms] [LOG] [RSA] predictSwitchIn:candidate {name: Jynx, hp: 169, score: 1, reason: Faster} @ http://localhost:8080/js/roundsim_app.js?047ef0f2:23
[15659459ms] [LOG] [RSA] predictSwitchIn:loop {i: 4, name: Goodra, setId: Goodra (Parasol Lady Koko), hp: 196} @ http://localhost:8080/js/roundsim_app.js?047ef0f2:23
[15659461ms] [LOG] [RSA] predictSwitchIn:candidate {name: Goodra, hp: 196, score: 0, reason: Default} @ http://localhost:8080/js/roundsim_app.js?047ef0f2:23
[15659463ms] [LOG] [RSA] predictSwitchIn:entry {rosterLen: 5, activeIdx: 0, roster: *Barraskewda(161/161), Roserade(160/160), Rotom-Wash(148/148), Jynx(169/169), Goodra(196/196)} @ http://localhost:8080/js/roundsim_app.js?047ef0f2:23
[15659463ms] [LOG] [RSA] predictSwitchIn:loop {i: 1, name: Roserade, setId: Roserade (Parasol Lady Koko), hp: 160} @ http://localhost:8080/js/roundsim_app.js?047ef0f2:23
[15659466ms] [LOG] [RSA] predictSwitchIn:candidate {name: Roserade, hp: 160, score: 1, reason: Faster} @ http://localhost:8080/js/roundsim_app.js?047ef0f2:23
[15659466ms] [LOG] [RSA] predictSwitchIn:loop {i: 2, name: Rotom-Wash, setId: Rotom-Wash (Parasol Lady Koko), hp: 148} @ http://localhost:8080/js/roundsim_app.js?047ef0f2:23
[15659469ms] [LOG] [RSA] predictSwitchIn:candidate {name: Rotom-Wash, hp: 148, score: 5, reason: Faster + OHKO} @ http://localhost:8080/js/roundsim_app.js?047ef0f2:23
[15659470ms] [LOG] [RSA] predictSwitchIn:loop {i: 3, name: Jynx, setId: Jynx (Parasol Lady Koko), hp: 169} @ http://localhost:8080/js/roundsim_app.js?047ef0f2:23
[15659472ms] [LOG] [RSA] predictSwitchIn:candidate {name: Jynx, hp: 169, score: 1, reason: Faster} @ http://localhost:8080/js/roundsim_app.js?047ef0f2:23
[15659472ms] [LOG] [RSA] predictSwitchIn:loop {i: 4, name: Goodra, setId: Goodra (Parasol Lady Koko), hp: 196} @ http://localhost:8080/js/roundsim_app.js?047ef0f2:23
[15659475ms] [LOG] [RSA] predictSwitchIn:candidate {name: Goodra, hp: 196, score: 0, reason: Default} @ http://localhost:8080/js/roundsim_app.js?047ef0f2:23
[15659799ms] [LOG] [RSA] predictSwitchIn:entry {rosterLen: 5, activeIdx: 0, roster: *Barraskewda(161/161), Roserade(160/160), Rotom-Wash(148/148), Jynx(169/169), Goodra(196/196)} @ http://localhost:8080/js/roundsim_app.js?047ef0f2:23
[15659800ms] [LOG] [RSA] predictSwitchIn:loop {i: 1, name: Roserade, setId: Roserade (Parasol Lady Koko), hp: 160} @ http://localhost:8080/js/roundsim_app.js?047ef0f2:23
[15659804ms] [LOG] [RSA] predictSwitchIn:candidate {name: Roserade, hp: 160, score: 1, reason: Faster} @ http://localhost:8080/js/roundsim_app.js?047ef0f2:23
[15659805ms] [LOG] [RSA] predictSwitchIn:loop {i: 2, name: Rotom-Wash, setId: Rotom-Wash (Parasol Lady Koko), hp: 148} @ http://localhost:8080/js/roundsim_app.js?047ef0f2:23
[15659807ms] [LOG] [RSA] predictSwitchIn:candidate {name: Rotom-Wash, hp: 148, score: 2, reason: Better trade} @ http://localhost:8080/js/roundsim_app.js?047ef0f2:23
[15659807ms] [LOG] [RSA] predictSwitchIn:loop {i: 3, name: Jynx, setId: Jynx (Parasol Lady Koko), hp: 169} @ http://localhost:8080/js/roundsim_app.js?047ef0f2:23
[15659810ms] [LOG] [RSA] predictSwitchIn:candidate {name: Jynx, hp: 169, score: 1, reason: Faster} @ http://localhost:8080/js/roundsim_app.js?047ef0f2:23
[15659811ms] [LOG] [RSA] predictSwitchIn:loop {i: 4, name: Goodra, setId: Goodra (Parasol Lady Koko), hp: 196} @ http://localhost:8080/js/roundsim_app.js?047ef0f2:23
[15659814ms] [LOG] [RSA] predictSwitchIn:candidate {name: Goodra, hp: 196, score: 2, reason: Better trade} @ http://localhost:8080/js/roundsim_app.js?047ef0f2:23
[15659815ms] [LOG] [RSA] predictSwitchIn:entry {rosterLen: 5, activeIdx: 0, roster: *Barraskewda(161/161), Roserade(160/160), Rotom-Wash(148/148), Jynx(169/169), Goodra(196/196)} @ http://localhost:8080/js/roundsim_app.js?047ef0f2:23
[15659815ms] [LOG] [RSA] predictSwitchIn:loop {i: 1, name: Roserade, setId: Roserade (Parasol Lady Koko), hp: 160} @ http://localhost:8080/js/roundsim_app.js?047ef0f2:23
[15659817ms] [LOG] [RSA] predictSwitchIn:candidate {name: Roserade, hp: 160, score: 1, reason: Faster} @ http://localhost:8080/js/roundsim_app.js?047ef0f2:23
[15659818ms] [LOG] [RSA] predictSwitchIn:loop {i: 2, name: Rotom-Wash, setId: Rotom-Wash (Parasol Lady Koko), hp: 148} @ http://localhost:8080/js/roundsim_app.js?047ef0f2:23
[15659820ms] [LOG] [RSA] predictSwitchIn:candidate {name: Rotom-Wash, hp: 148, score: 1, reason: Faster} @ http://localhost:8080/js/roundsim_app.js?047ef0f2:23
[15659821ms] [LOG] [RSA] predictSwitchIn:loop {i: 3, name: Jynx, setId: Jynx (Parasol Lady Koko), hp: 169} @ http://localhost:8080/js/roundsim_app.js?047ef0f2:23
[15659823ms] [LOG] [RSA] predictSwitchIn:candidate {name: Jynx, hp: 169, score: 5, reason: Faster + OHKO} @ http://localhost:8080/js/roundsim_app.js?047ef0f2:23
[15659823ms] [LOG] [RSA] predictSwitchIn:loop {i: 4, name: Goodra, setId: Goodra (Parasol Lady Koko), hp: 196} @ http://localhost:8080/js/roundsim_app.js?047ef0f2:23
[15659826ms] [LOG] [RSA] predictSwitchIn:candidate {name: Goodra, hp: 196, score: 0, reason: Default} @ http://localhost:8080/js/roundsim_app.js?047ef0f2:23
[15659826ms] [LOG] [RSA] predictSwitchIn:entry {rosterLen: 5, activeIdx: 0, roster: *Barraskewda(161/161), Roserade(160/160), Rotom-Wash(148/148), Jynx(169/169), Goodra(196/196)} @ http://localhost:8080/js/roundsim_app.js?047ef0f2:23
[15659827ms] [LOG] [RSA] predictSwitchIn:loop {i: 1, name: Roserade, setId: Roserade (Parasol Lady Koko), hp: 160} @ http://localhost:8080/js/roundsim_app.js?047ef0f2:23
[15659830ms] [LOG] [RSA] predictSwitchIn:candidate {name: Roserade, hp: 160, score: 5, reason: Faster + OHKO} @ http://localhost:8080/js/roundsim_app.js?047ef0f2:23
[15659831ms] [LOG] [RSA] predictSwitchIn:loop {i: 2, name: Rotom-Wash, setId: Rotom-Wash (Parasol Lady Koko), hp: 148} @ http://localhost:8080/js/roundsim_app.js?047ef0f2:23
[15659833ms] [LOG] [RSA] predictSwitchIn:candidate {name: Rotom-Wash, hp: 148, score: 3, reason: Faster + better trade} @ http://localhost:8080/js/roundsim_app.js?047ef0f2:23
[15659833ms] [LOG] [RSA] predictSwitchIn:loop {i: 3, name: Jynx, setId: Jynx (Parasol Lady Koko), hp: 169} @ http://localhost:8080/js/roundsim_app.js?047ef0f2:23
[15659835ms] [LOG] [RSA] predictSwitchIn:candidate {name: Jynx, hp: 169, score: 1, reason: Faster} @ http://localhost:8080/js/roundsim_app.js?047ef0f2:23
[15659836ms] [LOG] [RSA] predictSwitchIn:loop {i: 4, name: Goodra, setId: Goodra (Parasol Lady Koko), hp: 196} @ http://localhost:8080/js/roundsim_app.js?047ef0f2:23
[15659837ms] [LOG] [RSA] predictSwitchIn:candidate {name: Goodra, hp: 196, score: 0, reason: Default} @ http://localhost:8080/js/roundsim_app.js?047ef0f2:23
[15659838ms] [LOG] [RSA] predictSwitchIn:entry {rosterLen: 5, activeIdx: 0, roster: *Barraskewda(161/161), Roserade(160/160), Rotom-Wash(148/148), Jynx(169/169), Goodra(196/196)} @ http://localhost:8080/js/roundsim_app.js?047ef0f2:23
[15659838ms] [LOG] [RSA] predictSwitchIn:loop {i: 1, name: Roserade, setId: Roserade (Parasol Lady Koko), hp: 160} @ http://localhost:8080/js/roundsim_app.js?047ef0f2:23
[15659840ms] [LOG] [RSA] predictSwitchIn:candidate {name: Roserade, hp: 160, score: 1, reason: Faster} @ http://localhost:8080/js/roundsim_app.js?047ef0f2:23
[15659841ms] [LOG] [RSA] predictSwitchIn:loop {i: 2, name: Rotom-Wash, setId: Rotom-Wash (Parasol Lady Koko), hp: 148} @ http://localhost:8080/js/roundsim_app.js?047ef0f2:23
[15659843ms] [LOG] [RSA] predictSwitchIn:candidate {name: Rotom-Wash, hp: 148, score: 5, reason: Faster + OHKO} @ http://localhost:8080/js/roundsim_app.js?047ef0f2:23
[15659843ms] [LOG] [RSA] predictSwitchIn:loop {i: 3, name: Jynx, setId: Jynx (Parasol Lady Koko), hp: 169} @ http://localhost:8080/js/roundsim_app.js?047ef0f2:23
[15659848ms] [LOG] [RSA] predictSwitchIn:candidate {name: Jynx, hp: 169, score: 5, reason: Faster + OHKO} @ http://localhost:8080/js/roundsim_app.js?047ef0f2:23
[15659849ms] [LOG] [RSA] predictSwitchIn:loop {i: 4, name: Goodra, setId: Goodra (Parasol Lady Koko), hp: 196} @ http://localhost:8080/js/roundsim_app.js?047ef0f2:23
[15659851ms] [LOG] [RSA] predictSwitchIn:candidate {name: Goodra, hp: 196, score: 2, reason: Better trade} @ http://localhost:8080/js/roundsim_app.js?047ef0f2:23
[15659852ms] [LOG] [RSA] predictSwitchIn:entry {rosterLen: 5, activeIdx: 0, roster: *Barraskewda(161/161), Roserade(160/160), Rotom-Wash(148/148), Jynx(169/169), Goodra(196/196)} @ http://localhost:8080/js/roundsim_app.js?047ef0f2:23
[15659853ms] [LOG] [RSA] predictSwitchIn:loop {i: 1, name: Roserade, setId: Roserade (Parasol Lady Koko), hp: 160} @ http://localhost:8080/js/roundsim_app.js?047ef0f2:23
[15659856ms] [LOG] [RSA] predictSwitchIn:candidate {name: Roserade, hp: 160, score: 5, reason: Faster + OHKO} @ http://localhost:8080/js/roundsim_app.js?047ef0f2:23
[15659857ms] [LOG] [RSA] predictSwitchIn:loop {i: 2, name: Rotom-Wash, setId: Rotom-Wash (Parasol Lady Koko), hp: 148} @ http://localhost:8080/js/roundsim_app.js?047ef0f2:23
[15659858ms] [LOG] [RSA] predictSwitchIn:candidate {name: Rotom-Wash, hp: 148, score: 3, reason: Faster + better trade} @ http://localhost:8080/js/roundsim_app.js?047ef0f2:23
[15659859ms] [LOG] [RSA] predictSwitchIn:loop {i: 3, name: Jynx, setId: Jynx (Parasol Lady Koko), hp: 169} @ http://localhost:8080/js/roundsim_app.js?047ef0f2:23
[15659862ms] [LOG] [RSA] predictSwitchIn:candidate {name: Jynx, hp: 169, score: 1, reason: Faster} @ http://localhost:8080/js/roundsim_app.js?047ef0f2:23
[15659863ms] [LOG] [RSA] predictSwitchIn:loop {i: 4, name: Goodra, setId: Goodra (Parasol Lady Koko), hp: 196} @ http://localhost:8080/js/roundsim_app.js?047ef0f2:23
[15659867ms] [LOG] [RSA] predictSwitchIn:candidate {name: Goodra, hp: 196, score: 1, reason: Faster} @ http://localhost:8080/js/roundsim_app.js?047ef0f2:23
[15659867ms] [LOG] [RSA] predictSwitchIn:entry {rosterLen: 5, activeIdx: 0, roster: *Barraskewda(161/161), Roserade(160/160), Rotom-Wash(148/148), Jynx(169/169), Goodra(196/196)} @ http://localhost:8080/js/roundsim_app.js?047ef0f2:23
[15659868ms] [LOG] [RSA] predictSwitchIn:loop {i: 1, name: Roserade, setId: Roserade (Parasol Lady Koko), hp: 160} @ http://localhost:8080/js/roundsim_app.js?047ef0f2:23
[15659871ms] [LOG] [RSA] predictSwitchIn:candidate {name: Roserade, hp: 160, score: 1, reason: Faster} @ http://localhost:8080/js/roundsim_app.js?047ef0f2:23
[15659872ms] [LOG] [RSA] predictSwitchIn:loop {i: 2, name: Rotom-Wash, setId: Rotom-Wash (Parasol Lady Koko), hp: 148} @ http://localhost:8080/js/roundsim_app.js?047ef0f2:23
[15659874ms] [LOG] [RSA] predictSwitchIn:candidate {name: Rotom-Wash, hp: 148, score: 1, reason: Faster} @ http://localhost:8080/js/roundsim_app.js?047ef0f2:23
[15659874ms] [LOG] [RSA] predictSwitchIn:loop {i: 3, name: Jynx, setId: Jynx (Parasol Lady Koko), hp: 169} @ http://localhost:8080/js/roundsim_app.js?047ef0f2:23
[15659876ms] [LOG] [RSA] predictSwitchIn:candidate {name: Jynx, hp: 169, score: 1, reason: Faster} @ http://localhost:8080/js/roundsim_app.js?047ef0f2:23
[15659877ms] [LOG] [RSA] predictSwitchIn:loop {i: 4, name: Goodra, setId: Goodra (Parasol Lady Koko), hp: 196} @ http://localhost:8080/js/roundsim_app.js?047ef0f2:23
[15659881ms] [LOG] [RSA] predictSwitchIn:candidate {name: Goodra, hp: 196, score: 1, reason: Faster} @ http://localhost:8080/js/roundsim_app.js?047ef0f2:23
[15659881ms] [LOG] [RSA] predictSwitchIn:entry {rosterLen: 5, activeIdx: 0, roster: *Barraskewda(161/161), Roserade(160/160), Rotom-Wash(148/148), Jynx(169/169), Goodra(196/196)} @ http://localhost:8080/js/roundsim_app.js?047ef0f2:23
[15659882ms] [LOG] [RSA] predictSwitchIn:loop {i: 1, name: Roserade, setId: Roserade (Parasol Lady Koko), hp: 160} @ http://localhost:8080/js/roundsim_app.js?047ef0f2:23
[15659883ms] [LOG] [RSA] predictSwitchIn:candidate {name: Roserade, hp: 160, score: 4, reason: OHKO + survives} @ http://localhost:8080/js/roundsim_app.js?047ef0f2:23
[15659884ms] [LOG] [RSA] predictSwitchIn:loop {i: 2, name: Rotom-Wash, setId: Rotom-Wash (Parasol Lady Koko), hp: 148} @ http://localhost:8080/js/roundsim_app.js?047ef0f2:23
[15659886ms] [LOG] [RSA] predictSwitchIn:candidate {name: Rotom-Wash, hp: 148, score: 4, reason: OHKO + survives} @ http://localhost:8080/js/roundsim_app.js?047ef0f2:23
[15659886ms] [LOG] [RSA] predictSwitchIn:loop {i: 3, name: Jynx, setId: Jynx (Parasol Lady Koko), hp: 169} @ http://localhost:8080/js/roundsim_app.js?047ef0f2:23
[15659888ms] [LOG] [RSA] predictSwitchIn:candidate {name: Jynx, hp: 169, score: 4, reason: OHKO + survives} @ http://localhost:8080/js/roundsim_app.js?047ef0f2:23
[15659889ms] [LOG] [RSA] predictSwitchIn:loop {i: 4, name: Goodra, setId: Goodra (Parasol Lady Koko), hp: 196} @ http://localhost:8080/js/roundsim_app.js?047ef0f2:23
[15659891ms] [LOG] [RSA] predictSwitchIn:candidate {name: Goodra, hp: 196, score: 2, reason: Better trade} @ http://localhost:8080/js/roundsim_app.js?047ef0f2:23
[15659891ms] [LOG] [RSA] predictSwitchIn:entry {rosterLen: 5, activeIdx: 0, roster: *Barraskewda(161/161), Roserade(160/160), Rotom-Wash(148/148), Jynx(169/169), Goodra(196/196)} @ http://localhost:8080/js/roundsim_app.js?047ef0f2:23
[15659892ms] [LOG] [RSA] predictSwitchIn:loop {i: 1, name: Roserade, setId: Roserade (Parasol Lady Koko), hp: 160} @ http://localhost:8080/js/roundsim_app.js?047ef0f2:23
[15659894ms] [LOG] [RSA] predictSwitchIn:candidate {name: Roserade, hp: 160, score: 1, reason: Faster} @ http://localhost:8080/js/roundsim_app.js?047ef0f2:23
[15659895ms] [LOG] [RSA] predictSwitchIn:loop {i: 2, name: Rotom-Wash, setId: Rotom-Wash (Parasol Lady Koko), hp: 148} @ http://localhost:8080/js/roundsim_app.js?047ef0f2:23
[15659898ms] [LOG] [RSA] predictSwitchIn:candidate {name: Rotom-Wash, hp: 148, score: 3, reason: Faster + better trade} @ http://localhost:8080/js/roundsim_app.js?047ef0f2:23
[15659898ms] [LOG] [RSA] predictSwitchIn:loop {i: 3, name: Jynx, setId: Jynx (Parasol Lady Koko), hp: 169} @ http://localhost:8080/js/roundsim_app.js?047ef0f2:23
[15659900ms] [LOG] [RSA] predictSwitchIn:candidate {name: Jynx, hp: 169, score: 1, reason: Faster} @ http://localhost:8080/js/roundsim_app.js?047ef0f2:23
[15659901ms] [LOG] [RSA] predictSwitchIn:loop {i: 4, name: Goodra, setId: Goodra (Parasol Lady Koko), hp: 196} @ http://localhost:8080/js/roundsim_app.js?047ef0f2:23
[15659903ms] [LOG] [RSA] predictSwitchIn:candidate {name: Goodra, hp: 196, score: 3, reason: Faster + better trade} @ http://localhost:8080/js/roundsim_app.js?047ef0f2:23
[15659904ms] [LOG] [RSA] predictSwitchIn:entry {rosterLen: 5, activeIdx: 0, roster: *Barraskewda(161/161), Roserade(160/160), Rotom-Wash(148/148), Jynx(169/169), Goodra(196/196)} @ http://localhost:8080/js/roundsim_app.js?047ef0f2:23
[15659904ms] [LOG] [RSA] predictSwitchIn:loop {i: 1, name: Roserade, setId: Roserade (Parasol Lady Koko), hp: 160} @ http://localhost:8080/js/roundsim_app.js?047ef0f2:23
[15659906ms] [LOG] [RSA] predictSwitchIn:candidate {name: Roserade, hp: 160, score: 3, reason: Faster + better trade} @ http://localhost:8080/js/roundsim_app.js?047ef0f2:23
[15659907ms] [LOG] [RSA] predictSwitchIn:loop {i: 2, name: Rotom-Wash, setId: Rotom-Wash (Parasol Lady Koko), hp: 148} @ http://localhost:8080/js/roundsim_app.js?047ef0f2:23
[15659908ms] [LOG] [RSA] predictSwitchIn:candidate {name: Rotom-Wash, hp: 148, score: 1, reason: Faster} @ http://localhost:8080/js/roundsim_app.js?047ef0f2:23
[15659909ms] [LOG] [RSA] predictSwitchIn:loop {i: 3, name: Jynx, setId: Jynx (Parasol Lady Koko), hp: 169} @ http://localhost:8080/js/roundsim_app.js?047ef0f2:23
[15659911ms] [LOG] [RSA] predictSwitchIn:candidate {name: Jynx, hp: 169, score: 3, reason: Faster + better trade} @ http://localhost:8080/js/roundsim_app.js?047ef0f2:23
[15659912ms] [LOG] [RSA] predictSwitchIn:loop {i: 4, name: Goodra, setId: Goodra (Parasol Lady Koko), hp: 196} @ http://localhost:8080/js/roundsim_app.js?047ef0f2:23
[15659915ms] [LOG] [RSA] predictSwitchIn:candidate {name: Goodra, hp: 196, score: 3, reason: Faster + better trade} @ http://localhost:8080/js/roundsim_app.js?047ef0f2:23
[15659915ms] [LOG] [RSA] predictSwitchIn:entry {rosterLen: 5, activeIdx: 0, roster: *Barraskewda(161/161), Roserade(160/160), Rotom-Wash(148/148), Jynx(169/169), Goodra(196/196)} @ http://localhost:8080/js/roundsim_app.js?047ef0f2:23
[15659916ms] [LOG] [RSA] predictSwitchIn:loop {i: 1, name: Roserade, setId: Roserade (Parasol Lady Koko), hp: 160} @ http://localhost:8080/js/roundsim_app.js?047ef0f2:23
[15659918ms] [LOG] [RSA] predictSwitchIn:candidate {name: Roserade, hp: 160, score: 0, reason: Default} @ http://localhost:8080/js/roundsim_app.js?047ef0f2:23
[15659918ms] [LOG] [RSA] predictSwitchIn:loop {i: 2, name: Rotom-Wash, setId: Rotom-Wash (Parasol Lady Koko), hp: 148} @ http://localhost:8080/js/roundsim_app.js?047ef0f2:23
[15659920ms] [LOG] [RSA] predictSwitchIn:candidate {name: Rotom-Wash, hp: 148, score: 4, reason: OHKO + survives} @ http://localhost:8080/js/roundsim_app.js?047ef0f2:23
[15659921ms] [LOG] [RSA] predictSwitchIn:loop {i: 3, name: Jynx, setId: Jynx (Parasol Lady Koko), hp: 169} @ http://localhost:8080/js/roundsim_app.js?047ef0f2:23
[15659923ms] [LOG] [RSA] predictSwitchIn:candidate {name: Jynx, hp: 169, score: 5, reason: Faster + OHKO} @ http://localhost:8080/js/roundsim_app.js?047ef0f2:23
[15659923ms] [LOG] [RSA] predictSwitchIn:loop {i: 4, name: Goodra, setId: Goodra (Parasol Lady Koko), hp: 196} @ http://localhost:8080/js/roundsim_app.js?047ef0f2:23
[15659925ms] [LOG] [RSA] predictSwitchIn:candidate {name: Goodra, hp: 196, score: 0, reason: Default} @ http://localhost:8080/js/roundsim_app.js?047ef0f2:23
[15659925ms] [LOG] [RSA] predictSwitchIn:entry {rosterLen: 5, activeIdx: 0, roster: *Barraskewda(161/161), Roserade(160/160), Rotom-Wash(148/148), Jynx(169/169), Goodra(196/196)} @ http://localhost:8080/js/roundsim_app.js?047ef0f2:23
[15659926ms] [LOG] [RSA] predictSwitchIn:loop {i: 1, name: Roserade, setId: Roserade (Parasol Lady Koko), hp: 160} @ http://localhost:8080/js/roundsim_app.js?047ef0f2:23
[15659929ms] [LOG] [RSA] predictSwitchIn:candidate {name: Roserade, hp: 160, score: 3, reason: Faster + better trade} @ http://localhost:8080/js/roundsim_app.js?047ef0f2:23
[15659930ms] [LOG] [RSA] predictSwitchIn:loop {i: 2, name: Rotom-Wash, setId: Rotom-Wash (Parasol Lady Koko), hp: 148} @ http://localhost:8080/js/roundsim_app.js?047ef0f2:23
[15659932ms] [LOG] [RSA] predictSwitchIn:candidate {name: Rotom-Wash, hp: 148, score: 3, reason: Faster + better trade} @ http://localhost:8080/js/roundsim_app.js?047ef0f2:23
[15659932ms] [LOG] [RSA] predictSwitchIn:loop {i: 3, name: Jynx, setId: Jynx (Parasol Lady Koko), hp: 169} @ http://localhost:8080/js/roundsim_app.js?047ef0f2:23
[15659935ms] [LOG] [RSA] predictSwitchIn:candidate {name: Jynx, hp: 169, score: 1, reason: Faster} @ http://localhost:8080/js/roundsim_app.js?047ef0f2:23
[15659935ms] [LOG] [RSA] predictSwitchIn:loop {i: 4, name: Goodra, setId: Goodra (Parasol Lady Koko), hp: 196} @ http://localhost:8080/js/roundsim_app.js?047ef0f2:23
[15659937ms] [LOG] [RSA] predictSwitchIn:candidate {name: Goodra, hp: 196, score: 1, reason: Faster} @ http://localhost:8080/js/roundsim_app.js?047ef0f2:23
[15659937ms] [LOG] [RSA] predictSwitchIn:entry {rosterLen: 5, activeIdx: 0, roster: *Barraskewda(161/161), Roserade(160/160), Rotom-Wash(148/148), Jynx(169/169), Goodra(196/196)} @ http://localhost:8080/js/roundsim_app.js?047ef0f2:23
[15659938ms] [LOG] [RSA] predictSwitchIn:loop {i: 1, name: Roserade, setId: Roserade (Parasol Lady Koko), hp: 160} @ http://localhost:8080/js/roundsim_app.js?047ef0f2:23
[15659940ms] [LOG] [RSA] predictSwitchIn:candidate {name: Roserade, hp: 160, score: 1, reason: Faster} @ http://localhost:8080/js/roundsim_app.js?047ef0f2:23
[15659940ms] [LOG] [RSA] predictSwitchIn:loop {i: 2, name: Rotom-Wash, setId: Rotom-Wash (Parasol Lady Koko), hp: 148} @ http://localhost:8080/js/roundsim_app.js?047ef0f2:23
[15659942ms] [LOG] [RSA] predictSwitchIn:candidate {name: Rotom-Wash, hp: 148, score: 3, reason: Faster + better trade} @ http://localhost:8080/js/roundsim_app.js?047ef0f2:23
[15659942ms] [LOG] [RSA] predictSwitchIn:loop {i: 3, name: Jynx, setId: Jynx (Parasol Lady Koko), hp: 169} @ http://localhost:8080/js/roundsim_app.js?047ef0f2:23
[15659945ms] [LOG] [RSA] predictSwitchIn:candidate {name: Jynx, hp: 169, score: 1, reason: Faster} @ http://localhost:8080/js/roundsim_app.js?047ef0f2:23
[15659946ms] [LOG] [RSA] predictSwitchIn:loop {i: 4, name: Goodra, setId: Goodra (Parasol Lady Koko), hp: 196} @ http://localhost:8080/js/roundsim_app.js?047ef0f2:23
[15659949ms] [LOG] [RSA] predictSwitchIn:candidate {name: Goodra, hp: 196, score: 1, reason: Faster} @ http://localhost:8080/js/roundsim_app.js?047ef0f2:23
[15659949ms] [LOG] [RSA] predictSwitchIn:entry {rosterLen: 5, activeIdx: 0, roster: *Barraskewda(161/161), Roserade(160/160), Rotom-Wash(148/148), Jynx(169/169), Goodra(196/196)} @ http://localhost:8080/js/roundsim_app.js?047ef0f2:23
[15659950ms] [LOG] [RSA] predictSwitchIn:loop {i: 1, name: Roserade, setId: Roserade (Parasol Lady Koko), hp: 160} @ http://localhost:8080/js/roundsim_app.js?047ef0f2:23
[15659952ms] [LOG] [RSA] predictSwitchIn:candidate {name: Roserade, hp: 160, score: -1, reason: Slower + OHKO'd} @ http://localhost:8080/js/roundsim_app.js?047ef0f2:23
[15659953ms] [LOG] [RSA] predictSwitchIn:loop {i: 2, name: Rotom-Wash, setId: Rotom-Wash (Parasol Lady Koko), hp: 148} @ http://localhost:8080/js/roundsim_app.js?047ef0f2:23
[15659955ms] [LOG] [RSA] predictSwitchIn:candidate {name: Rotom-Wash, hp: 148, score: 4, reason: OHKO + survives} @ http://localhost:8080/js/roundsim_app.js?047ef0f2:23
[15659955ms] [LOG] [RSA] predictSwitchIn:loop {i: 3, name: Jynx, setId: Jynx (Parasol Lady Koko), hp: 169} @ http://localhost:8080/js/roundsim_app.js?047ef0f2:23
[15659958ms] [LOG] [RSA] predictSwitchIn:candidate {name: Jynx, hp: 169, score: -1, reason: Slower + OHKO'd} @ http://localhost:8080/js/roundsim_app.js?047ef0f2:23
[15659958ms] [LOG] [RSA] predictSwitchIn:loop {i: 4, name: Goodra, setId: Goodra (Parasol Lady Koko), hp: 196} @ http://localhost:8080/js/roundsim_app.js?047ef0f2:23
[15659961ms] [LOG] [RSA] predictSwitchIn:candidate {name: Goodra, hp: 196, score: 2, reason: Better trade} @ http://localhost:8080/js/roundsim_app.js?047ef0f2:23
[15659963ms] [LOG] [RSA] predictSwitchIn:entry {rosterLen: 5, activeIdx: 0, roster: *Barraskewda(161/161), Roserade(160/160), Rotom-Wash(148/148), Jynx(169/169), Goodra(196/196)} @ http://localhost:8080/js/roundsim_app.js?047ef0f2:23
[15659963ms] [LOG] [RSA] predictSwitchIn:loop {i: 1, name: Roserade, setId: Roserade (Parasol Lady Koko), hp: 160} @ http://localhost:8080/js/roundsim_app.js?047ef0f2:23
[15659966ms] [LOG] [RSA] predictSwitchIn:candidate {name: Roserade, hp: 160, score: 5, reason: Faster + OHKO} @ http://localhost:8080/js/roundsim_app.js?047ef0f2:23
[15659966ms] [LOG] [RSA] predictSwitchIn:loop {i: 2, name: Rotom-Wash, setId: Rotom-Wash (Parasol Lady Koko), hp: 148} @ http://localhost:8080/js/roundsim_app.js?047ef0f2:23
[15659969ms] [LOG] [RSA] predictSwitchIn:candidate {name: Rotom-Wash, hp: 148, score: 5, reason: Faster + OHKO} @ http://localhost:8080/js/roundsim_app.js?047ef0f2:23
[15659969ms] [LOG] [RSA] predictSwitchIn:loop {i: 3, name: Jynx, setId: Jynx (Parasol Lady Koko), hp: 169} @ http://localhost:8080/js/roundsim_app.js?047ef0f2:23
[15659971ms] [LOG] [RSA] predictSwitchIn:candidate {name: Jynx, hp: 169, score: 1, reason: Faster} @ http://localhost:8080/js/roundsim_app.js?047ef0f2:23
[15659972ms] [LOG] [RSA] predictSwitchIn:loop {i: 4, name: Goodra, setId: Goodra (Parasol Lady Koko), hp: 196} @ http://localhost:8080/js/roundsim_app.js?047ef0f2:23
[15659974ms] [LOG] [RSA] predictSwitchIn:candidate {name: Goodra, hp: 196, score: 1, reason: Faster} @ http://localhost:8080/js/roundsim_app.js?047ef0f2:23
[15659974ms] [LOG] [RSA] predictSwitchIn:entry {rosterLen: 5, activeIdx: 0, roster: *Barraskewda(161/161), Roserade(160/160), Rotom-Wash(148/148), Jynx(169/169), Goodra(196/196)} @ http://localhost:8080/js/roundsim_app.js?047ef0f2:23
[15659975ms] [LOG] [RSA] predictSwitchIn:loop {i: 1, name: Roserade, setId: Roserade (Parasol Lady Koko), hp: 160} @ http://localhost:8080/js/roundsim_app.js?047ef0f2:23
[15659977ms] [LOG] [RSA] predictSwitchIn:candidate {name: Roserade, hp: 160, score: 0, reason: Default} @ http://localhost:8080/js/roundsim_app.js?047ef0f2:23
[15659977ms] [LOG] [RSA] predictSwitchIn:loop {i: 2, name: Rotom-Wash, setId: Rotom-Wash (Parasol Lady Koko), hp: 148} @ http://localhost:8080/js/roundsim_app.js?047ef0f2:23
[15659981ms] [LOG] [RSA] predictSwitchIn:candidate {name: Rotom-Wash, hp: 148, score: 2, reason: Better trade} @ http://localhost:8080/js/roundsim_app.js?047ef0f2:23
[15659981ms] [LOG] [RSA] predictSwitchIn:loop {i: 3, name: Jynx, setId: Jynx (Parasol Lady Koko), hp: 169} @ http://localhost:8080/js/roundsim_app.js?047ef0f2:23
[15659983ms] [LOG] [RSA] predictSwitchIn:candidate {name: Jynx, hp: 169, score: 1, reason: Faster} @ http://localhost:8080/js/roundsim_app.js?047ef0f2:23
[15659984ms] [LOG] [RSA] predictSwitchIn:loop {i: 4, name: Goodra, setId: Goodra (Parasol Lady Koko), hp: 196} @ http://localhost:8080/js/roundsim_app.js?047ef0f2:23
[15659985ms] [LOG] [RSA] predictSwitchIn:candidate {name: Goodra, hp: 196, score: 0, reason: Default} @ http://localhost:8080/js/roundsim_app.js?047ef0f2:23
[15659986ms] [LOG] [RSA] predictSwitchIn:entry {rosterLen: 5, activeIdx: 0, roster: *Barraskewda(161/161), Roserade(160/160), Rotom-Wash(148/148), Jynx(169/169), Goodra(196/196)} @ http://localhost:8080/js/roundsim_app.js?047ef0f2:23
[15659986ms] [LOG] [RSA] predictSwitchIn:loop {i: 1, name: Roserade, setId: Roserade (Parasol Lady Koko), hp: 160} @ http://localhost:8080/js/roundsim_app.js?047ef0f2:23
[15659988ms] [LOG] [RSA] predictSwitchIn:candidate {name: Roserade, hp: 160, score: 1, reason: Faster} @ http://localhost:8080/js/roundsim_app.js?047ef0f2:23
[15659988ms] [LOG] [RSA] predictSwitchIn:loop {i: 2, name: Rotom-Wash, setId: Rotom-Wash (Parasol Lady Koko), hp: 148} @ http://localhost:8080/js/roundsim_app.js?047ef0f2:23
[15659990ms] [LOG] [RSA] predictSwitchIn:candidate {name: Rotom-Wash, hp: 148, score: 1, reason: Faster} @ http://localhost:8080/js/roundsim_app.js?047ef0f2:23
[15659991ms] [LOG] [RSA] predictSwitchIn:loop {i: 3, name: Jynx, setId: Jynx (Parasol Lady Koko), hp: 169} @ http://localhost:8080/js/roundsim_app.js?047ef0f2:23
[15659993ms] [LOG] [RSA] predictSwitchIn:candidate {name: Jynx, hp: 169, score: 5, reason: Faster + OHKO} @ http://localhost:8080/js/roundsim_app.js?047ef0f2:23
[15659994ms] [LOG] [RSA] predictSwitchIn:loop {i: 4, name: Goodra, setId: Goodra (Parasol Lady Koko), hp: 196} @ http://localhost:8080/js/roundsim_app.js?047ef0f2:23
[15659997ms] [LOG] [RSA] predictSwitchIn:candidate {name: Goodra, hp: 196, score: 1, reason: Faster} @ http://localhost:8080/js/roundsim_app.js?047ef0f2:23
[15659997ms] [LOG] [RSA] predictSwitchIn:entry {rosterLen: 5, activeIdx: 0, roster: *Barraskewda(161/161), Roserade(160/160), Rotom-Wash(148/148), Jynx(169/169), Goodra(196/196)} @ http://localhost:8080/js/roundsim_app.js?047ef0f2:23
[15659998ms] [LOG] [RSA] predictSwitchIn:loop {i: 1, name: Roserade, setId: Roserade (Parasol Lady Koko), hp: 160} @ http://localhost:8080/js/roundsim_app.js?047ef0f2:23
[15660000ms] [LOG] [RSA] predictSwitchIn:candidate {name: Roserade, hp: 160, score: 3, reason: Faster + better trade} @ http://localhost:8080/js/roundsim_app.js?047ef0f2:23
[15660000ms] [LOG] [RSA] predictSwitchIn:loop {i: 2, name: Rotom-Wash, setId: Rotom-Wash (Parasol Lady Koko), hp: 148} @ http://localhost:8080/js/roundsim_app.js?047ef0f2:23
[15660002ms] [LOG] [RSA] predictSwitchIn:candidate {name: Rotom-Wash, hp: 148, score: 1, reason: Faster} @ http://localhost:8080/js/roundsim_app.js?047ef0f2:23
[15660003ms] [LOG] [RSA] predictSwitchIn:loop {i: 3, name: Jynx, setId: Jynx (Parasol Lady Koko), hp: 169} @ http://localhost:8080/js/roundsim_app.js?047ef0f2:23
[15660005ms] [LOG] [RSA] predictSwitchIn:candidate {name: Jynx, hp: 169, score: 1, reason: Faster} @ http://localhost:8080/js/roundsim_app.js?047ef0f2:23
[15660005ms] [LOG] [RSA] predictSwitchIn:loop {i: 4, name: Goodra, setId: Goodra (Parasol Lady Koko), hp: 196} @ http://localhost:8080/js/roundsim_app.js?047ef0f2:23
[15660007ms] [LOG] [RSA] predictSwitchIn:candidate {name: Goodra, hp: 196, score: 1, reason: Faster} @ http://localhost:8080/js/roundsim_app.js?047ef0f2:23
[15660008ms] [LOG] [RSA] predictSwitchIn:entry {rosterLen: 5, activeIdx: 0, roster: *Barraskewda(161/161), Roserade(160/160), Rotom-Wash(148/148), Jynx(169/169), Goodra(196/196)} @ http://localhost:8080/js/roundsim_app.js?047ef0f2:23
[15660008ms] [LOG] [RSA] predictSwitchIn:loop {i: 1, name: Roserade, setId: Roserade (Parasol Lady Koko), hp: 160} @ http://localhost:8080/js/roundsim_app.js?047ef0f2:23
[15660010ms] [LOG] [RSA] predictSwitchIn:candidate {name: Roserade, hp: 160, score: 5, reason: Faster + OHKO} @ http://localhost:8080/js/roundsim_app.js?047ef0f2:23
[15660011ms] [LOG] [RSA] predictSwitchIn:loop {i: 2, name: Rotom-Wash, setId: Rotom-Wash (Parasol Lady Koko), hp: 148} @ http://localhost:8080/js/roundsim_app.js?047ef0f2:23
[15660015ms] [LOG] [RSA] predictSwitchIn:candidate {name: Rotom-Wash, hp: 148, score: 5, reason: Faster + OHKO} @ http://localhost:8080/js/roundsim_app.js?047ef0f2:23
[15660015ms] [LOG] [RSA] predictSwitchIn:loop {i: 3, name: Jynx, setId: Jynx (Parasol Lady Koko), hp: 169} @ http://localhost:8080/js/roundsim_app.js?047ef0f2:23
[15660018ms] [LOG] [RSA] predictSwitchIn:candidate {name: Jynx, hp: 169, score: 5, reason: Faster + OHKO} @ http://localhost:8080/js/roundsim_app.js?047ef0f2:23
[15660019ms] [LOG] [RSA] predictSwitchIn:loop {i: 4, name: Goodra, setId: Goodra (Parasol Lady Koko), hp: 196} @ http://localhost:8080/js/roundsim_app.js?047ef0f2:23
[15660021ms] [LOG] [RSA] predictSwitchIn:candidate {name: Goodra, hp: 196, score: 1, reason: Faster} @ http://localhost:8080/js/roundsim_app.js?047ef0f2:23
[15660022ms] [LOG] [RSA] predictSwitchIn:entry {rosterLen: 5, activeIdx: 0, roster: *Barraskewda(161/161), Roserade(160/160), Rotom-Wash(148/148), Jynx(169/169), Goodra(196/196)} @ http://localhost:8080/js/roundsim_app.js?047ef0f2:23
[15660023ms] [LOG] [RSA] predictSwitchIn:loop {i: 1, name: Roserade, setId: Roserade (Parasol Lady Koko), hp: 160} @ http://localhost:8080/js/roundsim_app.js?047ef0f2:23
[15660025ms] [LOG] [RSA] predictSwitchIn:candidate {name: Roserade, hp: 160, score: 1, reason: Faster} @ http://localhost:8080/js/roundsim_app.js?047ef0f2:23
[15660026ms] [LOG] [RSA] predictSwitchIn:loop {i: 2, name: Rotom-Wash, setId: Rotom-Wash (Parasol Lady Koko), hp: 148} @ http://localhost:8080/js/roundsim_app.js?047ef0f2:23
[15660030ms] [LOG] [RSA] predictSwitchIn:candidate {name: Rotom-Wash, hp: 148, score: 4, reason: OHKO + survives} @ http://localhost:8080/js/roundsim_app.js?047ef0f2:23
[15660030ms] [LOG] [RSA] predictSwitchIn:loop {i: 3, name: Jynx, setId: Jynx (Parasol Lady Koko), hp: 169} @ http://localhost:8080/js/roundsim_app.js?047ef0f2:23
[15660033ms] [LOG] [RSA] predictSwitchIn:candidate {name: Jynx, hp: 169, score: 1, reason: Faster} @ http://localhost:8080/js/roundsim_app.js?047ef0f2:23
[15660033ms] [LOG] [RSA] predictSwitchIn:loop {i: 4, name: Goodra, setId: Goodra (Parasol Lady Koko), hp: 196} @ http://localhost:8080/js/roundsim_app.js?047ef0f2:23
[15660036ms] [LOG] [RSA] predictSwitchIn:candidate {name: Goodra, hp: 196, score: 2, reason: Better trade} @ http://localhost:8080/js/roundsim_app.js?047ef0f2:23
[15660037ms] [LOG] [RSA] predictSwitchIn:entry {rosterLen: 5, activeIdx: 0, roster: *Barraskewda(161/161), Roserade(160/160), Rotom-Wash(148/148), Jynx(169/169), Goodra(196/196)} @ http://localhost:8080/js/roundsim_app.js?047ef0f2:23
[15660037ms] [LOG] [RSA] predictSwitchIn:loop {i: 1, name: Roserade, setId: Roserade (Parasol Lady Koko), hp: 160} @ http://localhost:8080/js/roundsim_app.js?047ef0f2:23
[15660040ms] [LOG] [RSA] predictSwitchIn:candidate {name: Roserade, hp: 160, score: 5, reason: Faster + OHKO} @ http://localhost:8080/js/roundsim_app.js?047ef0f2:23
[15660040ms] [LOG] [RSA] predictSwitchIn:loop {i: 2, name: Rotom-Wash, setId: Rotom-Wash (Parasol Lady Koko), hp: 148} @ http://localhost:8080/js/roundsim_app.js?047ef0f2:23
[15660042ms] [LOG] [RSA] predictSwitchIn:candidate {name: Rotom-Wash, hp: 148, score: 1, reason: Faster} @ http://localhost:8080/js/roundsim_app.js?047ef0f2:23
[15660043ms] [LOG] [RSA] predictSwitchIn:loop {i: 3, name: Jynx, setId: Jynx (Parasol Lady Koko), hp: 169} @ http://localhost:8080/js/roundsim_app.js?047ef0f2:23
[15660047ms] [LOG] [RSA] predictSwitchIn:candidate {name: Jynx, hp: 169, score: 5, reason: Faster + OHKO} @ http://localhost:8080/js/roundsim_app.js?047ef0f2:23
[15660047ms] [LOG] [RSA] predictSwitchIn:loop {i: 4, name: Goodra, setId: Goodra (Parasol Lady Koko), hp: 196} @ http://localhost:8080/js/roundsim_app.js?047ef0f2:23
[15660050ms] [LOG] [RSA] predictSwitchIn:candidate {name: Goodra, hp: 196, score: 0, reason: Default} @ http://localhost:8080/js/roundsim_app.js?047ef0f2:23
[15660051ms] [LOG] [RSA] predictSwitchIn:entry {rosterLen: 5, activeIdx: 0, roster: *Barraskewda(161/161), Roserade(160/160), Rotom-Wash(148/148), Jynx(169/169), Goodra(196/196)} @ http://localhost:8080/js/roundsim_app.js?047ef0f2:23
[15660051ms] [LOG] [RSA] predictSwitchIn:loop {i: 1, name: Roserade, setId: Roserade (Parasol Lady Koko), hp: 160} @ http://localhost:8080/js/roundsim_app.js?047ef0f2:23
[15660053ms] [LOG] [RSA] predictSwitchIn:candidate {name: Roserade, hp: 160, score: 1, reason: Faster} @ http://localhost:8080/js/roundsim_app.js?047ef0f2:23
[15660054ms] [LOG] [RSA] predictSwitchIn:loop {i: 2, name: Rotom-Wash, setId: Rotom-Wash (Parasol Lady Koko), hp: 148} @ http://localhost:8080/js/roundsim_app.js?047ef0f2:23
[15660056ms] [LOG] [RSA] predictSwitchIn:candidate {name: Rotom-Wash, hp: 148, score: 3, reason: Faster + better trade} @ http://localhost:8080/js/roundsim_app.js?047ef0f2:23
[15660056ms] [LOG] [RSA] predictSwitchIn:loop {i: 3, name: Jynx, setId: Jynx (Parasol Lady Koko), hp: 169} @ http://localhost:8080/js/roundsim_app.js?047ef0f2:23
[15660058ms] [LOG] [RSA] predictSwitchIn:candidate {name: Jynx, hp: 169, score: 5, reason: Faster + OHKO} @ http://localhost:8080/js/roundsim_app.js?047ef0f2:23
[15660059ms] [LOG] [RSA] predictSwitchIn:loop {i: 4, name: Goodra, setId: Goodra (Parasol Lady Koko), hp: 196} @ http://localhost:8080/js/roundsim_app.js?047ef0f2:23
[15660061ms] [LOG] [RSA] predictSwitchIn:candidate {name: Goodra, hp: 196, score: 2, reason: Better trade} @ http://localhost:8080/js/roundsim_app.js?047ef0f2:23
[15660062ms] [LOG] [RSA] predictSwitchIn:entry {rosterLen: 5, activeIdx: 0, roster: *Barraskewda(161/161), Roserade(160/160), Rotom-Wash(148/148), Jynx(169/169), Goodra(196/196)} @ http://localhost:8080/js/roundsim_app.js?047ef0f2:23
[15660063ms] [LOG] [RSA] predictSwitchIn:loop {i: 1, name: Roserade, setId: Roserade (Parasol Lady Koko), hp: 160} @ http://localhost:8080/js/roundsim_app.js?047ef0f2:23
[15660065ms] [LOG] [RSA] predictSwitchIn:candidate {name: Roserade, hp: 160, score: 5, reason: Faster + OHKO} @ http://localhost:8080/js/roundsim_app.js?047ef0f2:23
[15660066ms] [LOG] [RSA] predictSwitchIn:loop {i: 2, name: Rotom-Wash, setId: Rotom-Wash (Parasol Lady Koko), hp: 148} @ http://localhost:8080/js/roundsim_app.js?047ef0f2:23
[15660067ms] [LOG] [RSA] predictSwitchIn:candidate {name: Rotom-Wash, hp: 148, score: 3, reason: Faster + better trade} @ http://localhost:8080/js/roundsim_app.js?047ef0f2:23
[15660068ms] [LOG] [RSA] predictSwitchIn:loop {i: 3, name: Jynx, setId: Jynx (Parasol Lady Koko), hp: 169} @ http://localhost:8080/js/roundsim_app.js?047ef0f2:23
[15660070ms] [LOG] [RSA] predictSwitchIn:candidate {name: Jynx, hp: 169, score: 5, reason: Faster + OHKO} @ http://localhost:8080/js/roundsim_app.js?047ef0f2:23
[15660071ms] [LOG] [RSA] predictSwitchIn:loop {i: 4, name: Goodra, setId: Goodra (Parasol Lady Koko), hp: 196} @ http://localhost:8080/js/roundsim_app.js?047ef0f2:23
[15660073ms] [LOG] [RSA] predictSwitchIn:candidate {name: Goodra, hp: 196, score: 1, reason: Faster} @ http://localhost:8080/js/roundsim_app.js?047ef0f2:23
[15660073ms] [LOG] [RSA] predictSwitchIn:entry {rosterLen: 5, activeIdx: 0, roster: *Barraskewda(161/161), Roserade(160/160), Rotom-Wash(148/148), Jynx(169/169), Goodra(196/196)} @ http://localhost:8080/js/roundsim_app.js?047ef0f2:23
[15660074ms] [LOG] [RSA] predictSwitchIn:loop {i: 1, name: Roserade, setId: Roserade (Parasol Lady Koko), hp: 160} @ http://localhost:8080/js/roundsim_app.js?047ef0f2:23
[15660076ms] [LOG] [RSA] predictSwitchIn:candidate {name: Roserade, hp: 160, score: 1, reason: Faster} @ http://localhost:8080/js/roundsim_app.js?047ef0f2:23
[15660077ms] [LOG] [RSA] predictSwitchIn:loop {i: 2, name: Rotom-Wash, setId: Rotom-Wash (Parasol Lady Koko), hp: 148} @ http://localhost:8080/js/roundsim_app.js?047ef0f2:23
[15660081ms] [LOG] [RSA] predictSwitchIn:candidate {name: Rotom-Wash, hp: 148, score: 1, reason: Faster} @ http://localhost:8080/js/roundsim_app.js?047ef0f2:23
[15660081ms] [LOG] [RSA] predictSwitchIn:loop {i: 3, name: Jynx, setId: Jynx (Parasol Lady Koko), hp: 169} @ http://localhost:8080/js/roundsim_app.js?047ef0f2:23
[15660083ms] [LOG] [RSA] predictSwitchIn:candidate {name: Jynx, hp: 169, score: 5, reason: Faster + OHKO} @ http://localhost:8080/js/roundsim_app.js?047ef0f2:23
[15660084ms] [LOG] [RSA] predictSwitchIn:loop {i: 4, name: Goodra, setId: Goodra (Parasol Lady Koko), hp: 196} @ http://localhost:8080/js/roundsim_app.js?047ef0f2:23
[15660086ms] [LOG] [RSA] predictSwitchIn:candidate {name: Goodra, hp: 196, score: 1, reason: Faster} @ http://localhost:8080/js/roundsim_app.js?047ef0f2:23
[15660086ms] [LOG] [RSA] predictSwitchIn:entry {rosterLen: 5, activeIdx: 0, roster: *Barraskewda(161/161), Roserade(160/160), Rotom-Wash(148/148), Jynx(169/169), Goodra(196/196)} @ http://localhost:8080/js/roundsim_app.js?047ef0f2:23
[15660087ms] [LOG] [RSA] predictSwitchIn:loop {i: 1, name: Roserade, setId: Roserade (Parasol Lady Koko), hp: 160} @ http://localhost:8080/js/roundsim_app.js?047ef0f2:23
[15660089ms] [LOG] [RSA] predictSwitchIn:candidate {name: Roserade, hp: 160, score: 1, reason: Faster} @ http://localhost:8080/js/roundsim_app.js?047ef0f2:23
[15660090ms] [LOG] [RSA] predictSwitchIn:loop {i: 2, name: Rotom-Wash, setId: Rotom-Wash (Parasol Lady Koko), hp: 148} @ http://localhost:8080/js/roundsim_app.js?047ef0f2:23
[15660092ms] [LOG] [RSA] predictSwitchIn:candidate {name: Rotom-Wash, hp: 148, score: 1, reason: Faster} @ http://localhost:8080/js/roundsim_app.js?047ef0f2:23
[15660093ms] [LOG] [RSA] predictSwitchIn:loop {i: 3, name: Jynx, setId: Jynx (Parasol Lady Koko), hp: 169} @ http://localhost:8080/js/roundsim_app.js?047ef0f2:23
[15660096ms] [LOG] [RSA] predictSwitchIn:candidate {name: Jynx, hp: 169, score: 5, reason: Faster + OHKO} @ http://localhost:8080/js/roundsim_app.js?047ef0f2:23
[15660097ms] [LOG] [RSA] predictSwitchIn:loop {i: 4, name: Goodra, setId: Goodra (Parasol Lady Koko), hp: 196} @ http://localhost:8080/js/roundsim_app.js?047ef0f2:23
[15660099ms] [LOG] [RSA] predictSwitchIn:candidate {name: Goodra, hp: 196, score: 0, reason: Default} @ http://localhost:8080/js/roundsim_app.js?047ef0f2:23
[15660100ms] [LOG] [RSA] predictSwitchIn:entry {rosterLen: 5, activeIdx: 0, roster: *Barraskewda(161/161), Roserade(160/160), Rotom-Wash(148/148), Jynx(169/169), Goodra(196/196)} @ http://localhost:8080/js/roundsim_app.js?047ef0f2:23
[15660101ms] [LOG] [RSA] predictSwitchIn:loop {i: 1, name: Roserade, setId: Roserade (Parasol Lady Koko), hp: 160} @ http://localhost:8080/js/roundsim_app.js?047ef0f2:23
[15660104ms] [LOG] [RSA] predictSwitchIn:candidate {name: Roserade, hp: 160, score: 1, reason: Faster} @ http://localhost:8080/js/roundsim_app.js?047ef0f2:23
[15660104ms] [LOG] [RSA] predictSwitchIn:loop {i: 2, name: Rotom-Wash, setId: Rotom-Wash (Parasol Lady Koko), hp: 148} @ http://localhost:8080/js/roundsim_app.js?047ef0f2:23
[15660107ms] [LOG] [RSA] predictSwitchIn:candidate {name: Rotom-Wash, hp: 148, score: 1, reason: Faster} @ http://localhost:8080/js/roundsim_app.js?047ef0f2:23
[15660107ms] [LOG] [RSA] predictSwitchIn:loop {i: 3, name: Jynx, setId: Jynx (Parasol Lady Koko), hp: 169} @ http://localhost:8080/js/roundsim_app.js?047ef0f2:23
[15660110ms] [LOG] [RSA] predictSwitchIn:candidate {name: Jynx, hp: 169, score: 3, reason: Faster + better trade} @ http://localhost:8080/js/roundsim_app.js?047ef0f2:23
[15660111ms] [LOG] [RSA] predictSwitchIn:loop {i: 4, name: Goodra, setId: Goodra (Parasol Lady Koko), hp: 196} @ http://localhost:8080/js/roundsim_app.js?047ef0f2:23
[15660115ms] [LOG] [RSA] predictSwitchIn:candidate {name: Goodra, hp: 196, score: 3, reason: Faster + better trade} @ http://localhost:8080/js/roundsim_app.js?047ef0f2:23
[15660115ms] [LOG] [RSA] predictSwitchIn:entry {rosterLen: 5, activeIdx: 0, roster: *Barraskewda(161/161), Roserade(160/160), Rotom-Wash(148/148), Jynx(169/169), Goodra(196/196)} @ http://localhost:8080/js/roundsim_app.js?047ef0f2:23
[15660116ms] [LOG] [RSA] predictSwitchIn:loop {i: 1, name: Roserade, setId: Roserade (Parasol Lady Koko), hp: 160} @ http://localhost:8080/js/roundsim_app.js?047ef0f2:23
[15660118ms] [LOG] [RSA] predictSwitchIn:candidate {name: Roserade, hp: 160, score: 5, reason: Faster + OHKO} @ http://localhost:8080/js/roundsim_app.js?047ef0f2:23
[15660119ms] [LOG] [RSA] predictSwitchIn:loop {i: 2, name: Rotom-Wash, setId: Rotom-Wash (Parasol Lady Koko), hp: 148} @ http://localhost:8080/js/roundsim_app.js?047ef0f2:23
[15660121ms] [LOG] [RSA] predictSwitchIn:candidate {name: Rotom-Wash, hp: 148, score: 5, reason: Faster + OHKO} @ http://localhost:8080/js/roundsim_app.js?047ef0f2:23
[15660122ms] [LOG] [RSA] predictSwitchIn:loop {i: 3, name: Jynx, setId: Jynx (Parasol Lady Koko), hp: 169} @ http://localhost:8080/js/roundsim_app.js?047ef0f2:23
[15660124ms] [LOG] [RSA] predictSwitchIn:candidate {name: Jynx, hp: 169, score: 5, reason: Faster + OHKO} @ http://localhost:8080/js/roundsim_app.js?047ef0f2:23
[15660124ms] [LOG] [RSA] predictSwitchIn:loop {i: 4, name: Goodra, setId: Goodra (Parasol Lady Koko), hp: 196} @ http://localhost:8080/js/roundsim_app.js?047ef0f2:23
[15660127ms] [LOG] [RSA] predictSwitchIn:candidate {name: Goodra, hp: 196, score: 1, reason: Faster} @ http://localhost:8080/js/roundsim_app.js?047ef0f2:23
[15660128ms] [LOG] [RSA] predictSwitchIn:entry {rosterLen: 5, activeIdx: 0, roster: *Barraskewda(161/161), Roserade(160/160), Rotom-Wash(148/148), Jynx(169/169), Goodra(196/196)} @ http://localhost:8080/js/roundsim_app.js?047ef0f2:23
[15660129ms] [LOG] [RSA] predictSwitchIn:loop {i: 1, name: Roserade, setId: Roserade (Parasol Lady Koko), hp: 160} @ http://localhost:8080/js/roundsim_app.js?047ef0f2:23
[15660132ms] [LOG] [RSA] predictSwitchIn:candidate {name: Roserade, hp: 160, score: 1, reason: Faster} @ http://localhost:8080/js/roundsim_app.js?047ef0f2:23
[15660132ms] [LOG] [RSA] predictSwitchIn:loop {i: 2, name: Rotom-Wash, setId: Rotom-Wash (Parasol Lady Koko), hp: 148} @ http://localhost:8080/js/roundsim_app.js?047ef0f2:23
[15660135ms] [LOG] [RSA] predictSwitchIn:candidate {name: Rotom-Wash, hp: 148, score: 4, reason: OHKO + survives} @ http://localhost:8080/js/roundsim_app.js?047ef0f2:23
[15660135ms] [LOG] [RSA] predictSwitchIn:loop {i: 3, name: Jynx, setId: Jynx (Parasol Lady Koko), hp: 169} @ http://localhost:8080/js/roundsim_app.js?047ef0f2:23
[15660137ms] [LOG] [RSA] predictSwitchIn:candidate {name: Jynx, hp: 169, score: 1, reason: Faster} @ http://localhost:8080/js/roundsim_app.js?047ef0f2:23
[15660138ms] [LOG] [RSA] predictSwitchIn:loop {i: 4, name: Goodra, setId: Goodra (Parasol Lady Koko), hp: 196} @ http://localhost:8080/js/roundsim_app.js?047ef0f2:23
[15660141ms] [LOG] [RSA] predictSwitchIn:candidate {name: Goodra, hp: 196, score: 2, reason: Better trade} @ http://localhost:8080/js/roundsim_app.js?047ef0f2:23
[15660141ms] [LOG] [RSA] predictSwitchIn:entry {rosterLen: 5, activeIdx: 0, roster: *Barraskewda(161/161), Roserade(160/160), Rotom-Wash(148/148), Jynx(169/169), Goodra(196/196)} @ http://localhost:8080/js/roundsim_app.js?047ef0f2:23
[15660142ms] [LOG] [RSA] predictSwitchIn:loop {i: 1, name: Roserade, setId: Roserade (Parasol Lady Koko), hp: 160} @ http://localhost:8080/js/roundsim_app.js?047ef0f2:23
[15660147ms] [LOG] [RSA] predictSwitchIn:candidate {name: Roserade, hp: 160, score: 5, reason: Faster + OHKO} @ http://localhost:8080/js/roundsim_app.js?047ef0f2:23
[15660147ms] [LOG] [RSA] predictSwitchIn:loop {i: 2, name: Rotom-Wash, setId: Rotom-Wash (Parasol Lady Koko), hp: 148} @ http://localhost:8080/js/roundsim_app.js?047ef0f2:23
[15660150ms] [LOG] [RSA] predictSwitchIn:candidate {name: Rotom-Wash, hp: 148, score: 5, reason: Faster + OHKO} @ http://localhost:8080/js/roundsim_app.js?047ef0f2:23
[15660150ms] [LOG] [RSA] predictSwitchIn:loop {i: 3, name: Jynx, setId: Jynx (Parasol Lady Koko), hp: 169} @ http://localhost:8080/js/roundsim_app.js?047ef0f2:23
[15660152ms] [LOG] [RSA] predictSwitchIn:candidate {name: Jynx, hp: 169, score: 5, reason: Faster + OHKO} @ http://localhost:8080/js/roundsim_app.js?047ef0f2:23
[15660153ms] [LOG] [RSA] predictSwitchIn:loop {i: 4, name: Goodra, setId: Goodra (Parasol Lady Koko), hp: 196} @ http://localhost:8080/js/roundsim_app.js?047ef0f2:23
[15660155ms] [LOG] [RSA] predictSwitchIn:candidate {name: Goodra, hp: 196, score: 3, reason: Faster + better trade} @ http://localhost:8080/js/roundsim_app.js?047ef0f2:23
[15660155ms] [LOG] [RSA] predictSwitchIn:entry {rosterLen: 5, activeIdx: 0, roster: *Barraskewda(161/161), Roserade(160/160), Rotom-Wash(148/148), Jynx(169/169), Goodra(196/196)} @ http://localhost:8080/js/roundsim_app.js?047ef0f2:23
[15660156ms] [LOG] [RSA] predictSwitchIn:loop {i: 1, name: Roserade, setId: Roserade (Parasol Lady Koko), hp: 160} @ http://localhost:8080/js/roundsim_app.js?047ef0f2:23
[15660158ms] [LOG] [RSA] predictSwitchIn:candidate {name: Roserade, hp: 160, score: 1, reason: Faster} @ http://localhost:8080/js/roundsim_app.js?047ef0f2:23
[15660158ms] [LOG] [RSA] predictSwitchIn:loop {i: 2, name: Rotom-Wash, setId: Rotom-Wash (Parasol Lady Koko), hp: 148} @ http://localhost:8080/js/roundsim_app.js?047ef0f2:23
[15660162ms] [LOG] [RSA] predictSwitchIn:candidate {name: Rotom-Wash, hp: 148, score: 1, reason: Faster} @ http://localhost:8080/js/roundsim_app.js?047ef0f2:23
[15660163ms] [LOG] [RSA] predictSwitchIn:loop {i: 3, name: Jynx, setId: Jynx (Parasol Lady Koko), hp: 169} @ http://localhost:8080/js/roundsim_app.js?047ef0f2:23
[15660165ms] [LOG] [RSA] predictSwitchIn:candidate {name: Jynx, hp: 169, score: 1, reason: Faster} @ http://localhost:8080/js/roundsim_app.js?047ef0f2:23
[15660166ms] [LOG] [RSA] predictSwitchIn:loop {i: 4, name: Goodra, setId: Goodra (Parasol Lady Koko), hp: 196} @ http://localhost:8080/js/roundsim_app.js?047ef0f2:23
[15660168ms] [LOG] [RSA] predictSwitchIn:candidate {name: Goodra, hp: 196, score: 1, reason: Faster} @ http://localhost:8080/js/roundsim_app.js?047ef0f2:23
[15660168ms] [LOG] [RSA] predictSwitchIn:entry {rosterLen: 5, activeIdx: 0, roster: *Barraskewda(161/161), Roserade(160/160), Rotom-Wash(148/148), Jynx(169/169), Goodra(196/196)} @ http://localhost:8080/js/roundsim_app.js?047ef0f2:23
[15660169ms] [LOG] [RSA] predictSwitchIn:loop {i: 1, name: Roserade, setId: Roserade (Parasol Lady Koko), hp: 160} @ http://localhost:8080/js/roundsim_app.js?047ef0f2:23
[15660172ms] [LOG] [RSA] predictSwitchIn:candidate {name: Roserade, hp: 160, score: 1, reason: Faster} @ http://localhost:8080/js/roundsim_app.js?047ef0f2:23
[15660172ms] [LOG] [RSA] predictSwitchIn:loop {i: 2, name: Rotom-Wash, setId: Rotom-Wash (Parasol Lady Koko), hp: 148} @ http://localhost:8080/js/roundsim_app.js?047ef0f2:23
[15660175ms] [LOG] [RSA] predictSwitchIn:candidate {name: Rotom-Wash, hp: 148, score: 1, reason: Faster} @ http://localhost:8080/js/roundsim_app.js?047ef0f2:23
[15660175ms] [LOG] [RSA] predictSwitchIn:loop {i: 3, name: Jynx, setId: Jynx (Parasol Lady Koko), hp: 169} @ http://localhost:8080/js/roundsim_app.js?047ef0f2:23
[15660178ms] [LOG] [RSA] predictSwitchIn:candidate {name: Jynx, hp: 169, score: 5, reason: Faster + OHKO} @ http://localhost:8080/js/roundsim_app.js?047ef0f2:23
[15660179ms] [LOG] [RSA] predictSwitchIn:loop {i: 4, name: Goodra, setId: Goodra (Parasol Lady Koko), hp: 196} @ http://localhost:8080/js/roundsim_app.js?047ef0f2:23
[15660181ms] [LOG] [RSA] predictSwitchIn:candidate {name: Goodra, hp: 196, score: 1, reason: Faster} @ http://localhost:8080/js/roundsim_app.js?047ef0f2:23
[15660182ms] [LOG] [RSA] predictSwitchIn:entry {rosterLen: 5, activeIdx: 0, roster: *Barraskewda(161/161), Roserade(160/160), Rotom-Wash(148/148), Jynx(169/169), Goodra(196/196)} @ http://localhost:8080/js/roundsim_app.js?047ef0f2:23
[15660182ms] [LOG] [RSA] predictSwitchIn:loop {i: 1, name: Roserade, setId: Roserade (Parasol Lady Koko), hp: 160} @ http://localhost:8080/js/roundsim_app.js?047ef0f2:23
[15660184ms] [LOG] [RSA] predictSwitchIn:candidate {name: Roserade, hp: 160, score: 1, reason: Faster} @ http://localhost:8080/js/roundsim_app.js?047ef0f2:23
[15660185ms] [LOG] [RSA] predictSwitchIn:loop {i: 2, name: Rotom-Wash, setId: Rotom-Wash (Parasol Lady Koko), hp: 148} @ http://localhost:8080/js/roundsim_app.js?047ef0f2:23
[15660187ms] [LOG] [RSA] predictSwitchIn:candidate {name: Rotom-Wash, hp: 148, score: 1, reason: Faster} @ http://localhost:8080/js/roundsim_app.js?047ef0f2:23
[15660187ms] [LOG] [RSA] predictSwitchIn:loop {i: 3, name: Jynx, setId: Jynx (Parasol Lady Koko), hp: 169} @ http://localhost:8080/js/roundsim_app.js?047ef0f2:23
[15660189ms] [LOG] [RSA] predictSwitchIn:candidate {name: Jynx, hp: 169, score: 5, reason: Faster + OHKO} @ http://localhost:8080/js/roundsim_app.js?047ef0f2:23
[15660189ms] [LOG] [RSA] predictSwitchIn:loop {i: 4, name: Goodra, setId: Goodra (Parasol Lady Koko), hp: 196} @ http://localhost:8080/js/roundsim_app.js?047ef0f2:23
[15660191ms] [LOG] [RSA] predictSwitchIn:candidate {name: Goodra, hp: 196, score: 1, reason: Faster} @ http://localhost:8080/js/roundsim_app.js?047ef0f2:23
[15660192ms] [LOG] [RSA] predictSwitchIn:entry {rosterLen: 5, activeIdx: 0, roster: *Barraskewda(161/161), Roserade(160/160), Rotom-Wash(148/148), Jynx(169/169), Goodra(196/196)} @ http://localhost:8080/js/roundsim_app.js?047ef0f2:23
[15660192ms] [LOG] [RSA] predictSwitchIn:loop {i: 1, name: Roserade, setId: Roserade (Parasol Lady Koko), hp: 160} @ http://localhost:8080/js/roundsim_app.js?047ef0f2:23
[15660196ms] [LOG] [RSA] predictSwitchIn:candidate {name: Roserade, hp: 160, score: 1, reason: Faster} @ http://localhost:8080/js/roundsim_app.js?047ef0f2:23
[15660197ms] [LOG] [RSA] predictSwitchIn:loop {i: 2, name: Rotom-Wash, setId: Rotom-Wash (Parasol Lady Koko), hp: 148} @ http://localhost:8080/js/roundsim_app.js?047ef0f2:23
[15660200ms] [LOG] [RSA] predictSwitchIn:candidate {name: Rotom-Wash, hp: 148, score: -1, reason: Slower + OHKO'd} @ http://localhost:8080/js/roundsim_app.js?047ef0f2:23
[15660200ms] [LOG] [RSA] predictSwitchIn:loop {i: 3, name: Jynx, setId: Jynx (Parasol Lady Koko), hp: 169} @ http://localhost:8080/js/roundsim_app.js?047ef0f2:23
[15660202ms] [LOG] [RSA] predictSwitchIn:candidate {name: Jynx, hp: 169, score: 5, reason: Faster + OHKO} @ http://localhost:8080/js/roundsim_app.js?047ef0f2:23
[15660203ms] [LOG] [RSA] predictSwitchIn:loop {i: 4, name: Goodra, setId: Goodra (Parasol Lady Koko), hp: 196} @ http://localhost:8080/js/roundsim_app.js?047ef0f2:23
[15660205ms] [LOG] [RSA] predictSwitchIn:candidate {name: Goodra, hp: 196, score: 2, reason: Better trade} @ http://localhost:8080/js/roundsim_app.js?047ef0f2:23
[15660205ms] [LOG] [RSA] predictSwitchIn:entry {rosterLen: 5, activeIdx: 0, roster: *Barraskewda(161/161), Roserade(160/160), Rotom-Wash(148/148), Jynx(169/169), Goodra(196/196)} @ http://localhost:8080/js/roundsim_app.js?047ef0f2:23
[15660206ms] [LOG] [RSA] predictSwitchIn:loop {i: 1, name: Roserade, setId: Roserade (Parasol Lady Koko), hp: 160} @ http://localhost:8080/js/roundsim_app.js?047ef0f2:23
[15660208ms] [LOG] [RSA] predictSwitchIn:candidate {name: Roserade, hp: 160, score: -1, reason: Slower + OHKO'd} @ http://localhost:8080/js/roundsim_app.js?047ef0f2:23
[15660208ms] [LOG] [RSA] predictSwitchIn:loop {i: 2, name: Rotom-Wash, setId: Rotom-Wash (Parasol Lady Koko), hp: 148} @ http://localhost:8080/js/roundsim_app.js?047ef0f2:23
[15660211ms] [LOG] [RSA] predictSwitchIn:candidate {name: Rotom-Wash, hp: 148, score: 0, reason: Default} @ http://localhost:8080/js/roundsim_app.js?047ef0f2:23
[15660212ms] [LOG] [RSA] predictSwitchIn:loop {i: 3, name: Jynx, setId: Jynx (Parasol Lady Koko), hp: 169} @ http://localhost:8080/js/roundsim_app.js?047ef0f2:23
[15660215ms] [LOG] [RSA] predictSwitchIn:candidate {name: Jynx, hp: 169, score: 2, reason: Better trade} @ http://localhost:8080/js/roundsim_app.js?047ef0f2:23
[15660215ms] [LOG] [RSA] predictSwitchIn:loop {i: 4, name: Goodra, setId: Goodra (Parasol Lady Koko), hp: 196} @ http://localhost:8080/js/roundsim_app.js?047ef0f2:23
[15660217ms] [LOG] [RSA] predictSwitchIn:candidate {name: Goodra, hp: 196, score: -1, reason: Slower + OHKO'd} @ http://localhost:8080/js/roundsim_app.js?047ef0f2:23
[15660218ms] [LOG] [RSA] predictSwitchIn:entry {rosterLen: 5, activeIdx: 0, roster: *Barraskewda(161/161), Roserade(160/160), Rotom-Wash(148/148), Jynx(169/169), Goodra(196/196)} @ http://localhost:8080/js/roundsim_app.js?047ef0f2:23
[15660218ms] [LOG] [RSA] predictSwitchIn:loop {i: 1, name: Roserade, setId: Roserade (Parasol Lady Koko), hp: 160} @ http://localhost:8080/js/roundsim_app.js?047ef0f2:23
[15660221ms] [LOG] [RSA] predictSwitchIn:candidate {name: Roserade, hp: 160, score: 1, reason: Faster} @ http://localhost:8080/js/roundsim_app.js?047ef0f2:23
[15660221ms] [LOG] [RSA] predictSwitchIn:loop {i: 2, name: Rotom-Wash, setId: Rotom-Wash (Parasol Lady Koko), hp: 148} @ http://localhost:8080/js/roundsim_app.js?047ef0f2:23
[15660223ms] [LOG] [RSA] predictSwitchIn:candidate {name: Rotom-Wash, hp: 148, score: 5, reason: Faster + OHKO} @ http://localhost:8080/js/roundsim_app.js?047ef0f2:23
[15660223ms] [LOG] [RSA] predictSwitchIn:loop {i: 3, name: Jynx, setId: Jynx (Parasol Lady Koko), hp: 169} @ http://localhost:8080/js/roundsim_app.js?047ef0f2:23
[15660225ms] [LOG] [RSA] predictSwitchIn:candidate {name: Jynx, hp: 169, score: 5, reason: Faster + OHKO} @ http://localhost:8080/js/roundsim_app.js?047ef0f2:23
[15660225ms] [LOG] [RSA] predictSwitchIn:loop {i: 4, name: Goodra, setId: Goodra (Parasol Lady Koko), hp: 196} @ http://localhost:8080/js/roundsim_app.js?047ef0f2:23
[15660228ms] [LOG] [RSA] predictSwitchIn:candidate {name: Goodra, hp: 196, score: 2, reason: Better trade} @ http://localhost:8080/js/roundsim_app.js?047ef0f2:23
[15660229ms] [LOG] [RSA] predictSwitchIn:entry {rosterLen: 5, activeIdx: 0, roster: *Barraskewda(161/161), Roserade(160/160), Rotom-Wash(148/148), Jynx(169/169), Goodra(196/196)} @ http://localhost:8080/js/roundsim_app.js?047ef0f2:23
[15660230ms] [LOG] [RSA] predictSwitchIn:loop {i: 1, name: Roserade, setId: Roserade (Parasol Lady Koko), hp: 160} @ http://localhost:8080/js/roundsim_app.js?047ef0f2:23
[15660232ms] [LOG] [RSA] predictSwitchIn:candidate {name: Roserade, hp: 160, score: 1, reason: Faster} @ http://localhost:8080/js/roundsim_app.js?047ef0f2:23
[15660232ms] [LOG] [RSA] predictSwitchIn:loop {i: 2, name: Rotom-Wash, setId: Rotom-Wash (Parasol Lady Koko), hp: 148} @ http://localhost:8080/js/roundsim_app.js?047ef0f2:23
[15660234ms] [LOG] [RSA] predictSwitchIn:candidate {name: Rotom-Wash, hp: 148, score: 1, reason: Faster} @ http://localhost:8080/js/roundsim_app.js?047ef0f2:23
[15660234ms] [LOG] [RSA] predictSwitchIn:loop {i: 3, name: Jynx, setId: Jynx (Parasol Lady Koko), hp: 169} @ http://localhost:8080/js/roundsim_app.js?047ef0f2:23
[15660236ms] [LOG] [RSA] predictSwitchIn:candidate {name: Jynx, hp: 169, score: 1, reason: Faster} @ http://localhost:8080/js/roundsim_app.js?047ef0f2:23
[15660237ms] [LOG] [RSA] predictSwitchIn:loop {i: 4, name: Goodra, setId: Goodra (Parasol Lady Koko), hp: 196} @ http://localhost:8080/js/roundsim_app.js?047ef0f2:23
[15660239ms] [LOG] [RSA] predictSwitchIn:candidate {name: Goodra, hp: 196, score: 1, reason: Faster} @ http://localhost:8080/js/roundsim_app.js?047ef0f2:23
[15660239ms] [LOG] [RSA] predictSwitchIn:entry {rosterLen: 5, activeIdx: 0, roster: *Barraskewda(161/161), Roserade(160/160), Rotom-Wash(148/148), Jynx(169/169), Goodra(196/196)} @ http://localhost:8080/js/roundsim_app.js?047ef0f2:23
[15660240ms] [LOG] [RSA] predictSwitchIn:loop {i: 1, name: Roserade, setId: Roserade (Parasol Lady Koko), hp: 160} @ http://localhost:8080/js/roundsim_app.js?047ef0f2:23
[15660242ms] [LOG] [RSA] predictSwitchIn:candidate {name: Roserade, hp: 160, score: 1, reason: Faster} @ http://localhost:8080/js/roundsim_app.js?047ef0f2:23
[15660242ms] [LOG] [RSA] predictSwitchIn:loop {i: 2, name: Rotom-Wash, setId: Rotom-Wash (Parasol Lady Koko), hp: 148} @ http://localhost:8080/js/roundsim_app.js?047ef0f2:23
[15660244ms] [LOG] [RSA] predictSwitchIn:candidate {name: Rotom-Wash, hp: 148, score: 1, reason: Faster} @ http://localhost:8080/js/roundsim_app.js?047ef0f2:23
[15660244ms] [LOG] [RSA] predictSwitchIn:loop {i: 3, name: Jynx, setId: Jynx (Parasol Lady Koko), hp: 169} @ http://localhost:8080/js/roundsim_app.js?047ef0f2:23
[15660248ms] [LOG] [RSA] predictSwitchIn:candidate {name: Jynx, hp: 169, score: 1, reason: Faster} @ http://localhost:8080/js/roundsim_app.js?047ef0f2:23
[15660249ms] [LOG] [RSA] predictSwitchIn:loop {i: 4, name: Goodra, setId: Goodra (Parasol Lady Koko), hp: 196} @ http://localhost:8080/js/roundsim_app.js?047ef0f2:23
[15660251ms] [LOG] [RSA] predictSwitchIn:candidate {name: Goodra, hp: 196, score: 1, reason: Faster} @ http://localhost:8080/js/roundsim_app.js?047ef0f2:23
[15660251ms] [LOG] [RSA] predictSwitchIn:entry {rosterLen: 5, activeIdx: 0, roster: *Barraskewda(161/161), Roserade(160/160), Rotom-Wash(148/148), Jynx(169/169), Goodra(196/196)} @ http://localhost:8080/js/roundsim_app.js?047ef0f2:23
[15660252ms] [LOG] [RSA] predictSwitchIn:loop {i: 1, name: Roserade, setId: Roserade (Parasol Lady Koko), hp: 160} @ http://localhost:8080/js/roundsim_app.js?047ef0f2:23
[15660254ms] [LOG] [RSA] predictSwitchIn:candidate {name: Roserade, hp: 160, score: 1, reason: Faster} @ http://localhost:8080/js/roundsim_app.js?047ef0f2:23
[15660255ms] [LOG] [RSA] predictSwitchIn:loop {i: 2, name: Rotom-Wash, setId: Rotom-Wash (Parasol Lady Koko), hp: 148} @ http://localhost:8080/js/roundsim_app.js?047ef0f2:23
[15660257ms] [LOG] [RSA] predictSwitchIn:candidate {name: Rotom-Wash, hp: 148, score: 1, reason: Faster} @ http://localhost:8080/js/roundsim_app.js?047ef0f2:23
[15660257ms] [LOG] [RSA] predictSwitchIn:loop {i: 3, name: Jynx, setId: Jynx (Parasol Lady Koko), hp: 169} @ http://localhost:8080/js/roundsim_app.js?047ef0f2:23
[15660259ms] [LOG] [RSA] predictSwitchIn:candidate {name: Jynx, hp: 169, score: 3, reason: Faster + better trade} @ http://localhost:8080/js/roundsim_app.js?047ef0f2:23
[15660260ms] [LOG] [RSA] predictSwitchIn:loop {i: 4, name: Goodra, setId: Goodra (Parasol Lady Koko), hp: 196} @ http://localhost:8080/js/roundsim_app.js?047ef0f2:23
[15660264ms] [LOG] [RSA] predictSwitchIn:candidate {name: Goodra, hp: 196, score: 3, reason: Faster + better trade} @ http://localhost:8080/js/roundsim_app.js?047ef0f2:23
[15660264ms] [LOG] [RSA] predictSwitchIn:entry {rosterLen: 5, activeIdx: 0, roster: *Barraskewda(161/161), Roserade(160/160), Rotom-Wash(148/148), Jynx(169/169), Goodra(196/196)} @ http://localhost:8080/js/roundsim_app.js?047ef0f2:23
[15660265ms] [LOG] [RSA] predictSwitchIn:loop {i: 1, name: Roserade, setId: Roserade (Parasol Lady Koko), hp: 160} @ http://localhost:8080/js/roundsim_app.js?047ef0f2:23
[15660266ms] [LOG] [RSA] predictSwitchIn:candidate {name: Roserade, hp: 160, score: 1, reason: Faster} @ http://localhost:8080/js/roundsim_app.js?047ef0f2:23
[15660267ms] [LOG] [RSA] predictSwitchIn:loop {i: 2, name: Rotom-Wash, setId: Rotom-Wash (Parasol Lady Koko), hp: 148} @ http://localhost:8080/js/roundsim_app.js?047ef0f2:23
[15660269ms] [LOG] [RSA] predictSwitchIn:candidate {name: Rotom-Wash, hp: 148, score: 0, reason: Default} @ http://localhost:8080/js/roundsim_app.js?047ef0f2:23
[15660269ms] [LOG] [RSA] predictSwitchIn:loop {i: 3, name: Jynx, setId: Jynx (Parasol Lady Koko), hp: 169} @ http://localhost:8080/js/roundsim_app.js?047ef0f2:23
[15660271ms] [LOG] [RSA] predictSwitchIn:candidate {name: Jynx, hp: 169, score: 1, reason: Faster} @ http://localhost:8080/js/roundsim_app.js?047ef0f2:23
[15660272ms] [LOG] [RSA] predictSwitchIn:loop {i: 4, name: Goodra, setId: Goodra (Parasol Lady Koko), hp: 196} @ http://localhost:8080/js/roundsim_app.js?047ef0f2:23
[15660274ms] [LOG] [RSA] predictSwitchIn:candidate {name: Goodra, hp: 196, score: 0, reason: Default} @ http://localhost:8080/js/roundsim_app.js?047ef0f2:23
[15660274ms] [LOG] [RSA] predictSwitchIn:entry {rosterLen: 5, activeIdx: 0, roster: *Barraskewda(161/161), Roserade(160/160), Rotom-Wash(148/148), Jynx(169/169), Goodra(196/196)} @ http://localhost:8080/js/roundsim_app.js?047ef0f2:23
[15660275ms] [LOG] [RSA] predictSwitchIn:loop {i: 1, name: Roserade, setId: Roserade (Parasol Lady Koko), hp: 160} @ http://localhost:8080/js/roundsim_app.js?047ef0f2:23
[15660277ms] [LOG] [RSA] predictSwitchIn:candidate {name: Roserade, hp: 160, score: 1, reason: Faster} @ http://localhost:8080/js/roundsim_app.js?047ef0f2:23
[15660278ms] [LOG] [RSA] predictSwitchIn:loop {i: 2, name: Rotom-Wash, setId: Rotom-Wash (Parasol Lady Koko), hp: 148} @ http://localhost:8080/js/roundsim_app.js?047ef0f2:23
[15660281ms] [LOG] [RSA] predictSwitchIn:candidate {name: Rotom-Wash, hp: 148, score: 5, reason: Faster + OHKO} @ http://localhost:8080/js/roundsim_app.js?047ef0f2:23
[15660282ms] [LOG] [RSA] predictSwitchIn:loop {i: 3, name: Jynx, setId: Jynx (Parasol Lady Koko), hp: 169} @ http://localhost:8080/js/roundsim_app.js?047ef0f2:23
[15660284ms] [LOG] [RSA] predictSwitchIn:candidate {name: Jynx, hp: 169, score: 1, reason: Faster} @ http://localhost:8080/js/roundsim_app.js?047ef0f2:23
[15660285ms] [LOG] [RSA] predictSwitchIn:loop {i: 4, name: Goodra, setId: Goodra (Parasol Lady Koko), hp: 196} @ http://localhost:8080/js/roundsim_app.js?047ef0f2:23
[15660287ms] [LOG] [RSA] predictSwitchIn:candidate {name: Goodra, hp: 196, score: 0, reason: Default} @ http://localhost:8080/js/roundsim_app.js?047ef0f2:23
[15665017ms] [LOG] [RSA] predictSwitchIn:entry {rosterLen: 5, activeIdx: 0, roster: *Barraskewda(161/161), Roserade(160/160), Rotom-Wash(148/148), Jynx(169/169), Goodra(196/196)} @ http://localhost:8080/js/roundsim_app.js?047ef0f2:23
[15665019ms] [LOG] [RSA] predictSwitchIn:loop {i: 1, name: Roserade, setId: Roserade (Parasol Lady Koko), hp: 160} @ http://localhost:8080/js/roundsim_app.js?047ef0f2:23
[15665021ms] [LOG] [RSA] predictSwitchIn:candidate {name: Roserade, hp: 160, score: 1, reason: Faster} @ http://localhost:8080/js/roundsim_app.js?047ef0f2:23
[15665022ms] [LOG] [RSA] predictSwitchIn:loop {i: 2, name: Rotom-Wash, setId: Rotom-Wash (Parasol Lady Koko), hp: 148} @ http://localhost:8080/js/roundsim_app.js?047ef0f2:23
[15665025ms] [LOG] [RSA] predictSwitchIn:candidate {name: Rotom-Wash, hp: 148, score: 2, reason: Better trade} @ http://localhost:8080/js/roundsim_app.js?047ef0f2:23
[15665026ms] [LOG] [RSA] predictSwitchIn:loop {i: 3, name: Jynx, setId: Jynx (Parasol Lady Koko), hp: 169} @ http://localhost:8080/js/roundsim_app.js?047ef0f2:23
[15665032ms] [LOG] [RSA] predictSwitchIn:candidate {name: Jynx, hp: 169, score: 1, reason: Faster} @ http://localhost:8080/js/roundsim_app.js?047ef0f2:23
[15665032ms] [LOG] [RSA] predictSwitchIn:loop {i: 4, name: Goodra, setId: Goodra (Parasol Lady Koko), hp: 196} @ http://localhost:8080/js/roundsim_app.js?047ef0f2:23
[15665034ms] [LOG] [RSA] predictSwitchIn:candidate {name: Goodra, hp: 196, score: 2, reason: Better trade} @ http://localhost:8080/js/roundsim_app.js?047ef0f2:23
[15665034ms] [LOG] [RSA] predictSwitchIn:entry {rosterLen: 5, activeIdx: 0, roster: *Barraskewda(161/161), Roserade(160/160), Rotom-Wash(148/148), Jynx(169/169), Goodra(196/196)} @ http://localhost:8080/js/roundsim_app.js?047ef0f2:23
[15665035ms] [LOG] [RSA] predictSwitchIn:loop {i: 1, name: Roserade, setId: Roserade (Parasol Lady Koko), hp: 160} @ http://localhost:8080/js/roundsim_app.js?047ef0f2:23
[15665037ms] [LOG] [RSA] predictSwitchIn:candidate {name: Roserade, hp: 160, score: 1, reason: Faster} @ http://localhost:8080/js/roundsim_app.js?047ef0f2:23
[15665038ms] [LOG] [RSA] predictSwitchIn:loop {i: 2, name: Rotom-Wash, setId: Rotom-Wash (Parasol Lady Koko), hp: 148} @ http://localhost:8080/js/roundsim_app.js?047ef0f2:23
[15665041ms] [LOG] [RSA] predictSwitchIn:candidate {name: Rotom-Wash, hp: 148, score: 1, reason: Faster} @ http://localhost:8080/js/roundsim_app.js?047ef0f2:23
[15665042ms] [LOG] [RSA] predictSwitchIn:loop {i: 3, name: Jynx, setId: Jynx (Parasol Lady Koko), hp: 169} @ http://localhost:8080/js/roundsim_app.js?047ef0f2:23
[15665044ms] [LOG] [RSA] predictSwitchIn:candidate {name: Jynx, hp: 169, score: 5, reason: Faster + OHKO} @ http://localhost:8080/js/roundsim_app.js?047ef0f2:23
[15665045ms] [LOG] [RSA] predictSwitchIn:loop {i: 4, name: Goodra, setId: Goodra (Parasol Lady Koko), hp: 196} @ http://localhost:8080/js/roundsim_app.js?047ef0f2:23
[15665048ms] [LOG] [RSA] predictSwitchIn:candidate {name: Goodra, hp: 196, score: 0, reason: Default} @ http://localhost:8080/js/roundsim_app.js?047ef0f2:23
[15665049ms] [LOG] [RSA] predictSwitchIn:entry {rosterLen: 5, activeIdx: 0, roster: *Barraskewda(161/161), Roserade(160/160), Rotom-Wash(148/148), Jynx(169/169), Goodra(196/196)} @ http://localhost:8080/js/roundsim_app.js?047ef0f2:23
[15665049ms] [LOG] [RSA] predictSwitchIn:loop {i: 1, name: Roserade, setId: Roserade (Parasol Lady Koko), hp: 160} @ http://localhost:8080/js/roundsim_app.js?047ef0f2:23
[15665052ms] [LOG] [RSA] predictSwitchIn:candidate {name: Roserade, hp: 160, score: 5, reason: Faster + OHKO} @ http://localhost:8080/js/roundsim_app.js?047ef0f2:23
[15665053ms] [LOG] [RSA] predictSwitchIn:loop {i: 2, name: Rotom-Wash, setId: Rotom-Wash (Parasol Lady Koko), hp: 148} @ http://localhost:8080/js/roundsim_app.js?047ef0f2:23
[15665055ms] [LOG] [RSA] predictSwitchIn:candidate {name: Rotom-Wash, hp: 148, score: 3, reason: Faster + better trade} @ http://localhost:8080/js/roundsim_app.js?047ef0f2:23
[15665056ms] [LOG] [RSA] predictSwitchIn:loop {i: 3, name: Jynx, setId: Jynx (Parasol Lady Koko), hp: 169} @ http://localhost:8080/js/roundsim_app.js?047ef0f2:23
[15665059ms] [LOG] [RSA] predictSwitchIn:candidate {name: Jynx, hp: 169, score: 1, reason: Faster} @ http://localhost:8080/js/roundsim_app.js?047ef0f2:23
[15665060ms] [LOG] [RSA] predictSwitchIn:loop {i: 4, name: Goodra, setId: Goodra (Parasol Lady Koko), hp: 196} @ http://localhost:8080/js/roundsim_app.js?047ef0f2:23
[15665063ms] [LOG] [RSA] predictSwitchIn:candidate {name: Goodra, hp: 196, score: 0, reason: Default} @ http://localhost:8080/js/roundsim_app.js?047ef0f2:23
[15665064ms] [LOG] [RSA] predictSwitchIn:entry {rosterLen: 5, activeIdx: 0, roster: *Barraskewda(161/161), Roserade(160/160), Rotom-Wash(148/148), Jynx(169/169), Goodra(196/196)} @ http://localhost:8080/js/roundsim_app.js?047ef0f2:23
[15665065ms] [LOG] [RSA] predictSwitchIn:loop {i: 1, name: Roserade, setId: Roserade (Parasol Lady Koko), hp: 160} @ http://localhost:8080/js/roundsim_app.js?047ef0f2:23
[15665068ms] [LOG] [RSA] predictSwitchIn:candidate {name: Roserade, hp: 160, score: 1, reason: Faster} @ http://localhost:8080/js/roundsim_app.js?047ef0f2:23
[15665068ms] [LOG] [RSA] predictSwitchIn:loop {i: 2, name: Rotom-Wash, setId: Rotom-Wash (Parasol Lady Koko), hp: 148} @ http://localhost:8080/js/roundsim_app.js?047ef0f2:23
[15665070ms] [LOG] [RSA] predictSwitchIn:candidate {name: Rotom-Wash, hp: 148, score: 5, reason: Faster + OHKO} @ http://localhost:8080/js/roundsim_app.js?047ef0f2:23
[15665070ms] [LOG] [RSA] predictSwitchIn:loop {i: 3, name: Jynx, setId: Jynx (Parasol Lady Koko), hp: 169} @ http://localhost:8080/js/roundsim_app.js?047ef0f2:23
[15665073ms] [LOG] [RSA] predictSwitchIn:candidate {name: Jynx, hp: 169, score: 5, reason: Faster + OHKO} @ http://localhost:8080/js/roundsim_app.js?047ef0f2:23
[15665073ms] [LOG] [RSA] predictSwitchIn:loop {i: 4, name: Goodra, setId: Goodra (Parasol Lady Koko), hp: 196} @ http://localhost:8080/js/roundsim_app.js?047ef0f2:23
[15665077ms] [LOG] [RSA] predictSwitchIn:candidate {name: Goodra, hp: 196, score: 2, reason: Better trade} @ http://localhost:8080/js/roundsim_app.js?047ef0f2:23
[15665078ms] [LOG] [RSA] predictSwitchIn:entry {rosterLen: 5, activeIdx: 0, roster: *Barraskewda(161/161), Roserade(160/160), Rotom-Wash(148/148), Jynx(169/169), Goodra(196/196)} @ http://localhost:8080/js/roundsim_app.js?047ef0f2:23
[15665080ms] [LOG] [RSA] predictSwitchIn:loop {i: 1, name: Roserade, setId: Roserade (Parasol Lady Koko), hp: 160} @ http://localhost:8080/js/roundsim_app.js?047ef0f2:23
[15665083ms] [LOG] [RSA] predictSwitchIn:candidate {name: Roserade, hp: 160, score: 5, reason: Faster + OHKO} @ http://localhost:8080/js/roundsim_app.js?047ef0f2:23
[15665083ms] [LOG] [RSA] predictSwitchIn:loop {i: 2, name: Rotom-Wash, setId: Rotom-Wash (Parasol Lady Koko), hp: 148} @ http://localhost:8080/js/roundsim_app.js?047ef0f2:23
[15665086ms] [LOG] [RSA] predictSwitchIn:candidate {name: Rotom-Wash, hp: 148, score: 3, reason: Faster + better trade} @ http://localhost:8080/js/roundsim_app.js?047ef0f2:23
[15665086ms] [LOG] [RSA] predictSwitchIn:loop {i: 3, name: Jynx, setId: Jynx (Parasol Lady Koko), hp: 169} @ http://localhost:8080/js/roundsim_app.js?047ef0f2:23
[15665090ms] [LOG] [RSA] predictSwitchIn:candidate {name: Jynx, hp: 169, score: 1, reason: Faster} @ http://localhost:8080/js/roundsim_app.js?047ef0f2:23
[15665091ms] [LOG] [RSA] predictSwitchIn:loop {i: 4, name: Goodra, setId: Goodra (Parasol Lady Koko), hp: 196} @ http://localhost:8080/js/roundsim_app.js?047ef0f2:23
[15665094ms] [LOG] [RSA] predictSwitchIn:candidate {name: Goodra, hp: 196, score: 1, reason: Faster} @ http://localhost:8080/js/roundsim_app.js?047ef0f2:23
[15665097ms] [LOG] [RSA] predictSwitchIn:entry {rosterLen: 5, activeIdx: 0, roster: *Barraskewda(161/161), Roserade(160/160), Rotom-Wash(148/148), Jynx(169/169), Goodra(196/196)} @ http://localhost:8080/js/roundsim_app.js?047ef0f2:23
[15665098ms] [LOG] [RSA] predictSwitchIn:loop {i: 1, name: Roserade, setId: Roserade (Parasol Lady Koko), hp: 160} @ http://localhost:8080/js/roundsim_app.js?047ef0f2:23
[15665101ms] [LOG] [RSA] predictSwitchIn:candidate {name: Roserade, hp: 160, score: 1, reason: Faster} @ http://localhost:8080/js/roundsim_app.js?047ef0f2:23
[15665102ms] [LOG] [RSA] predictSwitchIn:loop {i: 2, name: Rotom-Wash, setId: Rotom-Wash (Parasol Lady Koko), hp: 148} @ http://localhost:8080/js/roundsim_app.js?047ef0f2:23
[15665105ms] [LOG] [RSA] predictSwitchIn:candidate {name: Rotom-Wash, hp: 148, score: 1, reason: Faster} @ http://localhost:8080/js/roundsim_app.js?047ef0f2:23
[15665105ms] [LOG] [RSA] predictSwitchIn:loop {i: 3, name: Jynx, setId: Jynx (Parasol Lady Koko), hp: 169} @ http://localhost:8080/js/roundsim_app.js?047ef0f2:23
[15665109ms] [LOG] [RSA] predictSwitchIn:candidate {name: Jynx, hp: 169, score: 1, reason: Faster} @ http://localhost:8080/js/roundsim_app.js?047ef0f2:23
[15665110ms] [LOG] [RSA] predictSwitchIn:loop {i: 4, name: Goodra, setId: Goodra (Parasol Lady Koko), hp: 196} @ http://localhost:8080/js/roundsim_app.js?047ef0f2:23
[15665114ms] [LOG] [RSA] predictSwitchIn:candidate {name: Goodra, hp: 196, score: 1, reason: Faster} @ http://localhost:8080/js/roundsim_app.js?047ef0f2:23
[15665115ms] [LOG] [RSA] predictSwitchIn:entry {rosterLen: 5, activeIdx: 0, roster: *Barraskewda(161/161), Roserade(160/160), Rotom-Wash(148/148), Jynx(169/169), Goodra(196/196)} @ http://localhost:8080/js/roundsim_app.js?047ef0f2:23
[15665115ms] [LOG] [RSA] predictSwitchIn:loop {i: 1, name: Roserade, setId: Roserade (Parasol Lady Koko), hp: 160} @ http://localhost:8080/js/roundsim_app.js?047ef0f2:23
[15665118ms] [LOG] [RSA] predictSwitchIn:candidate {name: Roserade, hp: 160, score: 4, reason: OHKO + survives} @ http://localhost:8080/js/roundsim_app.js?047ef0f2:23
[15665118ms] [LOG] [RSA] predictSwitchIn:loop {i: 2, name: Rotom-Wash, setId: Rotom-Wash (Parasol Lady Koko), hp: 148} @ http://localhost:8080/js/roundsim_app.js?047ef0f2:23
[15665121ms] [LOG] [RSA] predictSwitchIn:candidate {name: Rotom-Wash, hp: 148, score: 4, reason: OHKO + survives} @ http://localhost:8080/js/roundsim_app.js?047ef0f2:23
[15665121ms] [LOG] [RSA] predictSwitchIn:loop {i: 3, name: Jynx, setId: Jynx (Parasol Lady Koko), hp: 169} @ http://localhost:8080/js/roundsim_app.js?047ef0f2:23
[15665126ms] [LOG] [RSA] predictSwitchIn:candidate {name: Jynx, hp: 169, score: 4, reason: OHKO + survives} @ http://localhost:8080/js/roundsim_app.js?047ef0f2:23
[15665127ms] [LOG] [RSA] predictSwitchIn:loop {i: 4, name: Goodra, setId: Goodra (Parasol Lady Koko), hp: 196} @ http://localhost:8080/js/roundsim_app.js?047ef0f2:23
[15665130ms] [LOG] [RSA] predictSwitchIn:candidate {name: Goodra, hp: 196, score: 2, reason: Better trade} @ http://localhost:8080/js/roundsim_app.js?047ef0f2:23
[15665130ms] [LOG] [RSA] predictSwitchIn:entry {rosterLen: 5, activeIdx: 0, roster: *Barraskewda(161/161), Roserade(160/160), Rotom-Wash(148/148), Jynx(169/169), Goodra(196/196)} @ http://localhost:8080/js/roundsim_app.js?047ef0f2:23
[15665132ms] [LOG] [RSA] predictSwitchIn:loop {i: 1, name: Roserade, setId: Roserade (Parasol Lady Koko), hp: 160} @ http://localhost:8080/js/roundsim_app.js?047ef0f2:23
[15665134ms] [LOG] [RSA] predictSwitchIn:candidate {name: Roserade, hp: 160, score: 1, reason: Faster} @ http://localhost:8080/js/roundsim_app.js?047ef0f2:23
[15665135ms] [LOG] [RSA] predictSwitchIn:loop {i: 2, name: Rotom-Wash, setId: Rotom-Wash (Parasol Lady Koko), hp: 148} @ http://localhost:8080/js/roundsim_app.js?047ef0f2:23
[15665137ms] [LOG] [RSA] predictSwitchIn:candidate {name: Rotom-Wash, hp: 148, score: 3, reason: Faster + better trade} @ http://localhost:8080/js/roundsim_app.js?047ef0f2:23
[15665138ms] [LOG] [RSA] predictSwitchIn:loop {i: 3, name: Jynx, setId: Jynx (Parasol Lady Koko), hp: 169} @ http://localhost:8080/js/roundsim_app.js?047ef0f2:23
[15665141ms] [LOG] [RSA] predictSwitchIn:candidate {name: Jynx, hp: 169, score: 1, reason: Faster} @ http://localhost:8080/js/roundsim_app.js?047ef0f2:23
[15665142ms] [LOG] [RSA] predictSwitchIn:loop {i: 4, name: Goodra, setId: Goodra (Parasol Lady Koko), hp: 196} @ http://localhost:8080/js/roundsim_app.js?047ef0f2:23
[15665146ms] [LOG] [RSA] predictSwitchIn:candidate {name: Goodra, hp: 196, score: 3, reason: Faster + better trade} @ http://localhost:8080/js/roundsim_app.js?047ef0f2:23
[15665147ms] [LOG] [RSA] predictSwitchIn:entry {rosterLen: 5, activeIdx: 0, roster: *Barraskewda(161/161), Roserade(160/160), Rotom-Wash(148/148), Jynx(169/169), Goodra(196/196)} @ http://localhost:8080/js/roundsim_app.js?047ef0f2:23
[15665148ms] [LOG] [RSA] predictSwitchIn:loop {i: 1, name: Roserade, setId: Roserade (Parasol Lady Koko), hp: 160} @ http://localhost:8080/js/roundsim_app.js?047ef0f2:23
[15665150ms] [LOG] [RSA] predictSwitchIn:candidate {name: Roserade, hp: 160, score: 3, reason: Faster + better trade} @ http://localhost:8080/js/roundsim_app.js?047ef0f2:23
[15665151ms] [LOG] [RSA] predictSwitchIn:loop {i: 2, name: Rotom-Wash, setId: Rotom-Wash (Parasol Lady Koko), hp: 148} @ http://localhost:8080/js/roundsim_app.js?047ef0f2:23
[15665153ms] [LOG] [RSA] predictSwitchIn:candidate {name: Rotom-Wash, hp: 148, score: 1, reason: Faster} @ http://localhost:8080/js/roundsim_app.js?047ef0f2:23
[15665154ms] [LOG] [RSA] predictSwitchIn:loop {i: 3, name: Jynx, setId: Jynx (Parasol Lady Koko), hp: 169} @ http://localhost:8080/js/roundsim_app.js?047ef0f2:23
[15665156ms] [LOG] [RSA] predictSwitchIn:candidate {name: Jynx, hp: 169, score: 3, reason: Faster + better trade} @ http://localhost:8080/js/roundsim_app.js?047ef0f2:23
[15665158ms] [LOG] [RSA] predictSwitchIn:loop {i: 4, name: Goodra, setId: Goodra (Parasol Lady Koko), hp: 196} @ http://localhost:8080/js/roundsim_app.js?047ef0f2:23
[15665161ms] [LOG] [RSA] predictSwitchIn:candidate {name: Goodra, hp: 196, score: 3, reason: Faster + better trade} @ http://localhost:8080/js/roundsim_app.js?047ef0f2:23
[15665162ms] [LOG] [RSA] predictSwitchIn:entry {rosterLen: 5, activeIdx: 0, roster: *Barraskewda(161/161), Roserade(160/160), Rotom-Wash(148/148), Jynx(169/169), Goodra(196/196)} @ http://localhost:8080/js/roundsim_app.js?047ef0f2:23
[15665163ms] [LOG] [RSA] predictSwitchIn:loop {i: 1, name: Roserade, setId: Roserade (Parasol Lady Koko), hp: 160} @ http://localhost:8080/js/roundsim_app.js?047ef0f2:23
[15665166ms] [LOG] [RSA] predictSwitchIn:candidate {name: Roserade, hp: 160, score: -1, reason: Slower + OHKO'd} @ http://localhost:8080/js/roundsim_app.js?047ef0f2:23
[15665166ms] [LOG] [RSA] predictSwitchIn:loop {i: 2, name: Rotom-Wash, setId: Rotom-Wash (Parasol Lady Koko), hp: 148} @ http://localhost:8080/js/roundsim_app.js?047ef0f2:23
[15665168ms] [LOG] [RSA] predictSwitchIn:candidate {name: Rotom-Wash, hp: 148, score: 4, reason: OHKO + survives} @ http://localhost:8080/js/roundsim_app.js?047ef0f2:23
[15665169ms] [LOG] [RSA] predictSwitchIn:loop {i: 3, name: Jynx, setId: Jynx (Parasol Lady Koko), hp: 169} @ http://localhost:8080/js/roundsim_app.js?047ef0f2:23
[15665170ms] [LOG] [RSA] predictSwitchIn:candidate {name: Jynx, hp: 169, score: 5, reason: Faster + OHKO} @ http://localhost:8080/js/roundsim_app.js?047ef0f2:23
[15665171ms] [LOG] [RSA] predictSwitchIn:loop {i: 4, name: Goodra, setId: Goodra (Parasol Lady Koko), hp: 196} @ http://localhost:8080/js/roundsim_app.js?047ef0f2:23
[15665173ms] [LOG] [RSA] predictSwitchIn:candidate {name: Goodra, hp: 196, score: 0, reason: Default} @ http://localhost:8080/js/roundsim_app.js?047ef0f2:23
[15665174ms] [LOG] [RSA] predictSwitchIn:entry {rosterLen: 5, activeIdx: 0, roster: *Barraskewda(161/161), Roserade(160/160), Rotom-Wash(148/148), Jynx(169/169), Goodra(196/196)} @ http://localhost:8080/js/roundsim_app.js?047ef0f2:23
[15665175ms] [LOG] [RSA] predictSwitchIn:loop {i: 1, name: Roserade, setId: Roserade (Parasol Lady Koko), hp: 160} @ http://localhost:8080/js/roundsim_app.js?047ef0f2:23
[15665178ms] [LOG] [RSA] predictSwitchIn:candidate {name: Roserade, hp: 160, score: 3, reason: Faster + better trade} @ http://localhost:8080/js/roundsim_app.js?047ef0f2:23
[15665180ms] [LOG] [RSA] predictSwitchIn:loop {i: 2, name: Rotom-Wash, setId: Rotom-Wash (Parasol Lady Koko), hp: 148} @ http://localhost:8080/js/roundsim_app.js?047ef0f2:23
[15665183ms] [LOG] [RSA] predictSwitchIn:candidate {name: Rotom-Wash, hp: 148, score: 3, reason: Faster + better trade} @ http://localhost:8080/js/roundsim_app.js?047ef0f2:23
[15665183ms] [LOG] [RSA] predictSwitchIn:loop {i: 3, name: Jynx, setId: Jynx (Parasol Lady Koko), hp: 169} @ http://localhost:8080/js/roundsim_app.js?047ef0f2:23
[15665185ms] [LOG] [RSA] predictSwitchIn:candidate {name: Jynx, hp: 169, score: 1, reason: Faster} @ http://localhost:8080/js/roundsim_app.js?047ef0f2:23
[15665185ms] [LOG] [RSA] predictSwitchIn:loop {i: 4, name: Goodra, setId: Goodra (Parasol Lady Koko), hp: 196} @ http://localhost:8080/js/roundsim_app.js?047ef0f2:23
[15665187ms] [LOG] [RSA] predictSwitchIn:candidate {name: Goodra, hp: 196, score: 1, reason: Faster} @ http://localhost:8080/js/roundsim_app.js?047ef0f2:23
[15665188ms] [LOG] [RSA] predictSwitchIn:entry {rosterLen: 5, activeIdx: 0, roster: *Barraskewda(161/161), Roserade(160/160), Rotom-Wash(148/148), Jynx(169/169), Goodra(196/196)} @ http://localhost:8080/js/roundsim_app.js?047ef0f2:23
[15665188ms] [LOG] [RSA] predictSwitchIn:loop {i: 1, name: Roserade, setId: Roserade (Parasol Lady Koko), hp: 160} @ http://localhost:8080/js/roundsim_app.js?047ef0f2:23
[15665190ms] [LOG] [RSA] predictSwitchIn:candidate {name: Roserade, hp: 160, score: 1, reason: Faster} @ http://localhost:8080/js/roundsim_app.js?047ef0f2:23
[15665191ms] [LOG] [RSA] predictSwitchIn:loop {i: 2, name: Rotom-Wash, setId: Rotom-Wash (Parasol Lady Koko), hp: 148} @ http://localhost:8080/js/roundsim_app.js?047ef0f2:23
[15665193ms] [LOG] [RSA] predictSwitchIn:candidate {name: Rotom-Wash, hp: 148, score: 3, reason: Faster + better trade} @ http://localhost:8080/js/roundsim_app.js?047ef0f2:23
[15665193ms] [LOG] [RSA] predictSwitchIn:loop {i: 3, name: Jynx, setId: Jynx (Parasol Lady Koko), hp: 169} @ http://localhost:8080/js/roundsim_app.js?047ef0f2:23
[15665197ms] [LOG] [RSA] predictSwitchIn:candidate {name: Jynx, hp: 169, score: 1, reason: Faster} @ http://localhost:8080/js/roundsim_app.js?047ef0f2:23
[15665198ms] [LOG] [RSA] predictSwitchIn:loop {i: 4, name: Goodra, setId: Goodra (Parasol Lady Koko), hp: 196} @ http://localhost:8080/js/roundsim_app.js?047ef0f2:23
[15665200ms] [LOG] [RSA] predictSwitchIn:candidate {name: Goodra, hp: 196, score: 1, reason: Faster} @ http://localhost:8080/js/roundsim_app.js?047ef0f2:23
[15665200ms] [LOG] [RSA] predictSwitchIn:entry {rosterLen: 5, activeIdx: 0, roster: *Barraskewda(161/161), Roserade(160/160), Rotom-Wash(148/148), Jynx(169/169), Goodra(196/196)} @ http://localhost:8080/js/roundsim_app.js?047ef0f2:23
[15665201ms] [LOG] [RSA] predictSwitchIn:loop {i: 1, name: Roserade, setId: Roserade (Parasol Lady Koko), hp: 160} @ http://localhost:8080/js/roundsim_app.js?047ef0f2:23
[15665203ms] [LOG] [RSA] predictSwitchIn:candidate {name: Roserade, hp: 160, score: -1, reason: Slower + OHKO'd} @ http://localhost:8080/js/roundsim_app.js?047ef0f2:23
[15665203ms] [LOG] [RSA] predictSwitchIn:loop {i: 2, name: Rotom-Wash, setId: Rotom-Wash (Parasol Lady Koko), hp: 148} @ http://localhost:8080/js/roundsim_app.js?047ef0f2:23
[15665206ms] [LOG] [RSA] predictSwitchIn:candidate {name: Rotom-Wash, hp: 148, score: 4, reason: OHKO + survives} @ http://localhost:8080/js/roundsim_app.js?047ef0f2:23
[15665206ms] [LOG] [RSA] predictSwitchIn:loop {i: 3, name: Jynx, setId: Jynx (Parasol Lady Koko), hp: 169} @ http://localhost:8080/js/roundsim_app.js?047ef0f2:23
[15665208ms] [LOG] [RSA] predictSwitchIn:candidate {name: Jynx, hp: 169, score: -1, reason: Slower + OHKO'd} @ http://localhost:8080/js/roundsim_app.js?047ef0f2:23
[15665209ms] [LOG] [RSA] predictSwitchIn:loop {i: 4, name: Goodra, setId: Goodra (Parasol Lady Koko), hp: 196} @ http://localhost:8080/js/roundsim_app.js?047ef0f2:23
[15665211ms] [LOG] [RSA] predictSwitchIn:candidate {name: Goodra, hp: 196, score: 2, reason: Better trade} @ http://localhost:8080/js/roundsim_app.js?047ef0f2:23
[15665211ms] [LOG] [RSA] predictSwitchIn:entry {rosterLen: 5, activeIdx: 0, roster: *Barraskewda(161/161), Roserade(160/160), Rotom-Wash(148/148), Jynx(169/169), Goodra(196/196)} @ http://localhost:8080/js/roundsim_app.js?047ef0f2:23
[15665213ms] [LOG] [RSA] predictSwitchIn:loop {i: 1, name: Roserade, setId: Roserade (Parasol Lady Koko), hp: 160} @ http://localhost:8080/js/roundsim_app.js?047ef0f2:23
[15665215ms] [LOG] [RSA] predictSwitchIn:candidate {name: Roserade, hp: 160, score: 5, reason: Faster + OHKO} @ http://localhost:8080/js/roundsim_app.js?047ef0f2:23
[15665215ms] [LOG] [RSA] predictSwitchIn:loop {i: 2, name: Rotom-Wash, setId: Rotom-Wash (Parasol Lady Koko), hp: 148} @ http://localhost:8080/js/roundsim_app.js?047ef0f2:23
[15665217ms] [LOG] [RSA] predictSwitchIn:candidate {name: Rotom-Wash, hp: 148, score: 5, reason: Faster + OHKO} @ http://localhost:8080/js/roundsim_app.js?047ef0f2:23
[15665217ms] [LOG] [RSA] predictSwitchIn:loop {i: 3, name: Jynx, setId: Jynx (Parasol Lady Koko), hp: 169} @ http://localhost:8080/js/roundsim_app.js?047ef0f2:23
[15665219ms] [LOG] [RSA] predictSwitchIn:candidate {name: Jynx, hp: 169, score: 1, reason: Faster} @ http://localhost:8080/js/roundsim_app.js?047ef0f2:23
[15665219ms] [LOG] [RSA] predictSwitchIn:loop {i: 4, name: Goodra, setId: Goodra (Parasol Lady Koko), hp: 196} @ http://localhost:8080/js/roundsim_app.js?047ef0f2:23
[15665221ms] [LOG] [RSA] predictSwitchIn:candidate {name: Goodra, hp: 196, score: 1, reason: Faster} @ http://localhost:8080/js/roundsim_app.js?047ef0f2:23
[15665221ms] [LOG] [RSA] predictSwitchIn:entry {rosterLen: 5, activeIdx: 0, roster: *Barraskewda(161/161), Roserade(160/160), Rotom-Wash(148/148), Jynx(169/169), Goodra(196/196)} @ http://localhost:8080/js/roundsim_app.js?047ef0f2:23
[15665222ms] [LOG] [RSA] predictSwitchIn:loop {i: 1, name: Roserade, setId: Roserade (Parasol Lady Koko), hp: 160} @ http://localhost:8080/js/roundsim_app.js?047ef0f2:23
[15665223ms] [LOG] [RSA] predictSwitchIn:candidate {name: Roserade, hp: 160, score: 0, reason: Default} @ http://localhost:8080/js/roundsim_app.js?047ef0f2:23
[15665224ms] [LOG] [RSA] predictSwitchIn:loop {i: 2, name: Rotom-Wash, setId: Rotom-Wash (Parasol Lady Koko), hp: 148} @ http://localhost:8080/js/roundsim_app.js?047ef0f2:23
[15665226ms] [LOG] [RSA] predictSwitchIn:candidate {name: Rotom-Wash, hp: 148, score: 2, reason: Better trade} @ http://localhost:8080/js/roundsim_app.js?047ef0f2:23
[15665226ms] [LOG] [RSA] predictSwitchIn:loop {i: 3, name: Jynx, setId: Jynx (Parasol Lady Koko), hp: 169} @ http://localhost:8080/js/roundsim_app.js?047ef0f2:23
[15665229ms] [LOG] [RSA] predictSwitchIn:candidate {name: Jynx, hp: 169, score: 1, reason: Faster} @ http://localhost:8080/js/roundsim_app.js?047ef0f2:23
[15665230ms] [LOG] [RSA] predictSwitchIn:loop {i: 4, name: Goodra, setId: Goodra (Parasol Lady Koko), hp: 196} @ http://localhost:8080/js/roundsim_app.js?047ef0f2:23
[15665232ms] [LOG] [RSA] predictSwitchIn:candidate {name: Goodra, hp: 196, score: 0, reason: Default} @ http://localhost:8080/js/roundsim_app.js?047ef0f2:23
[15665232ms] [LOG] [RSA] predictSwitchIn:entry {rosterLen: 5, activeIdx: 0, roster: *Barraskewda(161/161), Roserade(160/160), Rotom-Wash(148/148), Jynx(169/169), Goodra(196/196)} @ http://localhost:8080/js/roundsim_app.js?047ef0f2:23
[15665233ms] [LOG] [RSA] predictSwitchIn:loop {i: 1, name: Roserade, setId: Roserade (Parasol Lady Koko), hp: 160} @ http://localhost:8080/js/roundsim_app.js?047ef0f2:23
[15665235ms] [LOG] [RSA] predictSwitchIn:candidate {name: Roserade, hp: 160, score: 1, reason: Faster} @ http://localhost:8080/js/roundsim_app.js?047ef0f2:23
[15665236ms] [LOG] [RSA] predictSwitchIn:loop {i: 2, name: Rotom-Wash, setId: Rotom-Wash (Parasol Lady Koko), hp: 148} @ http://localhost:8080/js/roundsim_app.js?047ef0f2:23
[15665238ms] [LOG] [RSA] predictSwitchIn:candidate {name: Rotom-Wash, hp: 148, score: 1, reason: Faster} @ http://localhost:8080/js/roundsim_app.js?047ef0f2:23
[15665238ms] [LOG] [RSA] predictSwitchIn:loop {i: 3, name: Jynx, setId: Jynx (Parasol Lady Koko), hp: 169} @ http://localhost:8080/js/roundsim_app.js?047ef0f2:23
[15665240ms] [LOG] [RSA] predictSwitchIn:candidate {name: Jynx, hp: 169, score: 5, reason: Faster + OHKO} @ http://localhost:8080/js/roundsim_app.js?047ef0f2:23
[15665241ms] [LOG] [RSA] predictSwitchIn:loop {i: 4, name: Goodra, setId: Goodra (Parasol Lady Koko), hp: 196} @ http://localhost:8080/js/roundsim_app.js?047ef0f2:23
[15665244ms] [LOG] [RSA] predictSwitchIn:candidate {name: Goodra, hp: 196, score: 1, reason: Faster} @ http://localhost:8080/js/roundsim_app.js?047ef0f2:23
[15665244ms] [LOG] [RSA] predictSwitchIn:entry {rosterLen: 5, activeIdx: 0, roster: *Barraskewda(161/161), Roserade(160/160), Rotom-Wash(148/148), Jynx(169/169), Goodra(196/196)} @ http://localhost:8080/js/roundsim_app.js?047ef0f2:23
[15665246ms] [LOG] [RSA] predictSwitchIn:loop {i: 1, name: Roserade, setId: Roserade (Parasol Lady Koko), hp: 160} @ http://localhost:8080/js/roundsim_app.js?047ef0f2:23
[15665249ms] [LOG] [RSA] predictSwitchIn:candidate {name: Roserade, hp: 160, score: 3, reason: Faster + better trade} @ http://localhost:8080/js/roundsim_app.js?047ef0f2:23
[15665249ms] [LOG] [RSA] predictSwitchIn:loop {i: 2, name: Rotom-Wash, setId: Rotom-Wash (Parasol Lady Koko), hp: 148} @ http://localhost:8080/js/roundsim_app.js?047ef0f2:23
[15665252ms] [LOG] [RSA] predictSwitchIn:candidate {name: Rotom-Wash, hp: 148, score: 1, reason: Faster} @ http://localhost:8080/js/roundsim_app.js?047ef0f2:23
[15665252ms] [LOG] [RSA] predictSwitchIn:loop {i: 3, name: Jynx, setId: Jynx (Parasol Lady Koko), hp: 169} @ http://localhost:8080/js/roundsim_app.js?047ef0f2:23
[15665255ms] [LOG] [RSA] predictSwitchIn:candidate {name: Jynx, hp: 169, score: 1, reason: Faster} @ http://localhost:8080/js/roundsim_app.js?047ef0f2:23
[15665255ms] [LOG] [RSA] predictSwitchIn:loop {i: 4, name: Goodra, setId: Goodra (Parasol Lady Koko), hp: 196} @ http://localhost:8080/js/roundsim_app.js?047ef0f2:23
[15665257ms] [LOG] [RSA] predictSwitchIn:candidate {name: Goodra, hp: 196, score: 1, reason: Faster} @ http://localhost:8080/js/roundsim_app.js?047ef0f2:23
[15665257ms] [LOG] [RSA] predictSwitchIn:entry {rosterLen: 5, activeIdx: 0, roster: *Barraskewda(161/161), Roserade(160/160), Rotom-Wash(148/148), Jynx(169/169), Goodra(196/196)} @ http://localhost:8080/js/roundsim_app.js?047ef0f2:23
[15665258ms] [LOG] [RSA] predictSwitchIn:loop {i: 1, name: Roserade, setId: Roserade (Parasol Lady Koko), hp: 160} @ http://localhost:8080/js/roundsim_app.js?047ef0f2:23
[15665260ms] [LOG] [RSA] predictSwitchIn:candidate {name: Roserade, hp: 160, score: 5, reason: Faster + OHKO} @ http://localhost:8080/js/roundsim_app.js?047ef0f2:23
[15665261ms] [LOG] [RSA] predictSwitchIn:loop {i: 2, name: Rotom-Wash, setId: Rotom-Wash (Parasol Lady Koko), hp: 148} @ http://localhost:8080/js/roundsim_app.js?047ef0f2:23
[15665264ms] [LOG] [RSA] predictSwitchIn:candidate {name: Rotom-Wash, hp: 148, score: 5, reason: Faster + OHKO} @ http://localhost:8080/js/roundsim_app.js?047ef0f2:23
[15665265ms] [LOG] [RSA] predictSwitchIn:loop {i: 3, name: Jynx, setId: Jynx (Parasol Lady Koko), hp: 169} @ http://localhost:8080/js/roundsim_app.js?047ef0f2:23
[15665267ms] [LOG] [RSA] predictSwitchIn:candidate {name: Jynx, hp: 169, score: 5, reason: Faster + OHKO} @ http://localhost:8080/js/roundsim_app.js?047ef0f2:23
[15665267ms] [LOG] [RSA] predictSwitchIn:loop {i: 4, name: Goodra, setId: Goodra (Parasol Lady Koko), hp: 196} @ http://localhost:8080/js/roundsim_app.js?047ef0f2:23
[15665269ms] [LOG] [RSA] predictSwitchIn:candidate {name: Goodra, hp: 196, score: 1, reason: Faster} @ http://localhost:8080/js/roundsim_app.js?047ef0f2:23
[15665270ms] [LOG] [RSA] predictSwitchIn:entry {rosterLen: 5, activeIdx: 0, roster: *Barraskewda(161/161), Roserade(160/160), Rotom-Wash(148/148), Jynx(169/169), Goodra(196/196)} @ http://localhost:8080/js/roundsim_app.js?047ef0f2:23
[15665270ms] [LOG] [RSA] predictSwitchIn:loop {i: 1, name: Roserade, setId: Roserade (Parasol Lady Koko), hp: 160} @ http://localhost:8080/js/roundsim_app.js?047ef0f2:23
[15665272ms] [LOG] [RSA] predictSwitchIn:candidate {name: Roserade, hp: 160, score: 1, reason: Faster} @ http://localhost:8080/js/roundsim_app.js?047ef0f2:23
[15665273ms] [LOG] [RSA] predictSwitchIn:loop {i: 2, name: Rotom-Wash, setId: Rotom-Wash (Parasol Lady Koko), hp: 148} @ http://localhost:8080/js/roundsim_app.js?047ef0f2:23
[15665275ms] [LOG] [RSA] predictSwitchIn:candidate {name: Rotom-Wash, hp: 148, score: 4, reason: OHKO + survives} @ http://localhost:8080/js/roundsim_app.js?047ef0f2:23
[15665275ms] [LOG] [RSA] predictSwitchIn:loop {i: 3, name: Jynx, setId: Jynx (Parasol Lady Koko), hp: 169} @ http://localhost:8080/js/roundsim_app.js?047ef0f2:23
[15665278ms] [LOG] [RSA] predictSwitchIn:candidate {name: Jynx, hp: 169, score: 1, reason: Faster} @ http://localhost:8080/js/roundsim_app.js?047ef0f2:23
[15665279ms] [LOG] [RSA] predictSwitchIn:loop {i: 4, name: Goodra, setId: Goodra (Parasol Lady Koko), hp: 196} @ http://localhost:8080/js/roundsim_app.js?047ef0f2:23
[15665282ms] [LOG] [RSA] predictSwitchIn:candidate {name: Goodra, hp: 196, score: 2, reason: Better trade} @ http://localhost:8080/js/roundsim_app.js?047ef0f2:23
[15665283ms] [LOG] [RSA] predictSwitchIn:entry {rosterLen: 5, activeIdx: 0, roster: *Barraskewda(161/161), Roserade(160/160), Rotom-Wash(148/148), Jynx(169/169), Goodra(196/196)} @ http://localhost:8080/js/roundsim_app.js?047ef0f2:23
[15665283ms] [LOG] [RSA] predictSwitchIn:loop {i: 1, name: Roserade, setId: Roserade (Parasol Lady Koko), hp: 160} @ http://localhost:8080/js/roundsim_app.js?047ef0f2:23
[15665285ms] [LOG] [RSA] predictSwitchIn:candidate {name: Roserade, hp: 160, score: 5, reason: Faster + OHKO} @ http://localhost:8080/js/roundsim_app.js?047ef0f2:23
[15665286ms] [LOG] [RSA] predictSwitchIn:loop {i: 2, name: Rotom-Wash, setId: Rotom-Wash (Parasol Lady Koko), hp: 148} @ http://localhost:8080/js/roundsim_app.js?047ef0f2:23
[15665288ms] [LOG] [RSA] predictSwitchIn:candidate {name: Rotom-Wash, hp: 148, score: 1, reason: Faster} @ http://localhost:8080/js/roundsim_app.js?047ef0f2:23
[15665289ms] [LOG] [RSA] predictSwitchIn:loop {i: 3, name: Jynx, setId: Jynx (Parasol Lady Koko), hp: 169} @ http://localhost:8080/js/roundsim_app.js?047ef0f2:23
[15665291ms] [LOG] [RSA] predictSwitchIn:candidate {name: Jynx, hp: 169, score: 5, reason: Faster + OHKO} @ http://localhost:8080/js/roundsim_app.js?047ef0f2:23
[15665291ms] [LOG] [RSA] predictSwitchIn:loop {i: 4, name: Goodra, setId: Goodra (Parasol Lady Koko), hp: 196} @ http://localhost:8080/js/roundsim_app.js?047ef0f2:23
[15665294ms] [LOG] [RSA] predictSwitchIn:candidate {name: Goodra, hp: 196, score: 0, reason: Default} @ http://localhost:8080/js/roundsim_app.js?047ef0f2:23
[15665294ms] [LOG] [RSA] predictSwitchIn:entry {rosterLen: 5, activeIdx: 0, roster: *Barraskewda(161/161), Roserade(160/160), Rotom-Wash(148/148), Jynx(169/169), Goodra(196/196)} @ http://localhost:8080/js/roundsim_app.js?047ef0f2:23
[15665296ms] [LOG] [RSA] predictSwitchIn:loop {i: 1, name: Roserade, setId: Roserade (Parasol Lady Koko), hp: 160} @ http://localhost:8080/js/roundsim_app.js?047ef0f2:23
[15665298ms] [LOG] [RSA] predictSwitchIn:candidate {name: Roserade, hp: 160, score: 1, reason: Faster} @ http://localhost:8080/js/roundsim_app.js?047ef0f2:23
[15665299ms] [LOG] [RSA] predictSwitchIn:loop {i: 2, name: Rotom-Wash, setId: Rotom-Wash (Parasol Lady Koko), hp: 148} @ http://localhost:8080/js/roundsim_app.js?047ef0f2:23
[15665301ms] [LOG] [RSA] predictSwitchIn:candidate {name: Rotom-Wash, hp: 148, score: 3, reason: Faster + better trade} @ http://localhost:8080/js/roundsim_app.js?047ef0f2:23
[15665301ms] [LOG] [RSA] predictSwitchIn:loop {i: 3, name: Jynx, setId: Jynx (Parasol Lady Koko), hp: 169} @ http://localhost:8080/js/roundsim_app.js?047ef0f2:23
[15665305ms] [LOG] [RSA] predictSwitchIn:candidate {name: Jynx, hp: 169, score: 5, reason: Faster + OHKO} @ http://localhost:8080/js/roundsim_app.js?047ef0f2:23
[15665305ms] [LOG] [RSA] predictSwitchIn:loop {i: 4, name: Goodra, setId: Goodra (Parasol Lady Koko), hp: 196} @ http://localhost:8080/js/roundsim_app.js?047ef0f2:23
[15665307ms] [LOG] [RSA] predictSwitchIn:candidate {name: Goodra, hp: 196, score: 2, reason: Better trade} @ http://localhost:8080/js/roundsim_app.js?047ef0f2:23
[15665307ms] [LOG] [RSA] predictSwitchIn:entry {rosterLen: 5, activeIdx: 0, roster: *Barraskewda(161/161), Roserade(160/160), Rotom-Wash(148/148), Jynx(169/169), Goodra(196/196)} @ http://localhost:8080/js/roundsim_app.js?047ef0f2:23
[15665308ms] [LOG] [RSA] predictSwitchIn:loop {i: 1, name: Roserade, setId: Roserade (Parasol Lady Koko), hp: 160} @ http://localhost:8080/js/roundsim_app.js?047ef0f2:23
[15665309ms] [LOG] [RSA] predictSwitchIn:candidate {name: Roserade, hp: 160, score: 5, reason: Faster + OHKO} @ http://localhost:8080/js/roundsim_app.js?047ef0f2:23
[15665310ms] [LOG] [RSA] predictSwitchIn:loop {i: 2, name: Rotom-Wash, setId: Rotom-Wash (Parasol Lady Koko), hp: 148} @ http://localhost:8080/js/roundsim_app.js?047ef0f2:23
[15665313ms] [LOG] [RSA] predictSwitchIn:candidate {name: Rotom-Wash, hp: 148, score: 3, reason: Faster + better trade} @ http://localhost:8080/js/roundsim_app.js?047ef0f2:23
[15665314ms] [LOG] [RSA] predictSwitchIn:loop {i: 3, name: Jynx, setId: Jynx (Parasol Lady Koko), hp: 169} @ http://localhost:8080/js/roundsim_app.js?047ef0f2:23
[15665315ms] [LOG] [RSA] predictSwitchIn:candidate {name: Jynx, hp: 169, score: 5, reason: Faster + OHKO} @ http://localhost:8080/js/roundsim_app.js?047ef0f2:23
[15665316ms] [LOG] [RSA] predictSwitchIn:loop {i: 4, name: Goodra, setId: Goodra (Parasol Lady Koko), hp: 196} @ http://localhost:8080/js/roundsim_app.js?047ef0f2:23
[15665318ms] [LOG] [RSA] predictSwitchIn:candidate {name: Goodra, hp: 196, score: 1, reason: Faster} @ http://localhost:8080/js/roundsim_app.js?047ef0f2:23
[15665318ms] [LOG] [RSA] predictSwitchIn:entry {rosterLen: 5, activeIdx: 0, roster: *Barraskewda(161/161), Roserade(160/160), Rotom-Wash(148/148), Jynx(169/169), Goodra(196/196)} @ http://localhost:8080/js/roundsim_app.js?047ef0f2:23
[15665319ms] [LOG] [RSA] predictSwitchIn:loop {i: 1, name: Roserade, setId: Roserade (Parasol Lady Koko), hp: 160} @ http://localhost:8080/js/roundsim_app.js?047ef0f2:23
[15665321ms] [LOG] [RSA] predictSwitchIn:candidate {name: Roserade, hp: 160, score: 1, reason: Faster} @ http://localhost:8080/js/roundsim_app.js?047ef0f2:23
[15665321ms] [LOG] [RSA] predictSwitchIn:loop {i: 2, name: Rotom-Wash, setId: Rotom-Wash (Parasol Lady Koko), hp: 148} @ http://localhost:8080/js/roundsim_app.js?047ef0f2:23
[15665323ms] [LOG] [RSA] predictSwitchIn:candidate {name: Rotom-Wash, hp: 148, score: 1, reason: Faster} @ http://localhost:8080/js/roundsim_app.js?047ef0f2:23
[15665323ms] [LOG] [RSA] predictSwitchIn:loop {i: 3, name: Jynx, setId: Jynx (Parasol Lady Koko), hp: 169} @ http://localhost:8080/js/roundsim_app.js?047ef0f2:23
[15665325ms] [LOG] [RSA] predictSwitchIn:candidate {name: Jynx, hp: 169, score: 5, reason: Faster + OHKO} @ http://localhost:8080/js/roundsim_app.js?047ef0f2:23
[15665326ms] [LOG] [RSA] predictSwitchIn:loop {i: 4, name: Goodra, setId: Goodra (Parasol Lady Koko), hp: 196} @ http://localhost:8080/js/roundsim_app.js?047ef0f2:23
[15665328ms] [LOG] [RSA] predictSwitchIn:candidate {name: Goodra, hp: 196, score: 1, reason: Faster} @ http://localhost:8080/js/roundsim_app.js?047ef0f2:23
[15665330ms] [LOG] [RSA] predictSwitchIn:entry {rosterLen: 5, activeIdx: 0, roster: *Barraskewda(161/161), Roserade(160/160), Rotom-Wash(148/148), Jynx(169/169), Goodra(196/196)} @ http://localhost:8080/js/roundsim_app.js?047ef0f2:23
[15665330ms] [LOG] [RSA] predictSwitchIn:loop {i: 1, name: Roserade, setId: Roserade (Parasol Lady Koko), hp: 160} @ http://localhost:8080/js/roundsim_app.js?047ef0f2:23
[15665332ms] [LOG] [RSA] predictSwitchIn:candidate {name: Roserade, hp: 160, score: 1, reason: Faster} @ http://localhost:8080/js/roundsim_app.js?047ef0f2:23
[15665333ms] [LOG] [RSA] predictSwitchIn:loop {i: 2, name: Rotom-Wash, setId: Rotom-Wash (Parasol Lady Koko), hp: 148} @ http://localhost:8080/js/roundsim_app.js?047ef0f2:23
[15665335ms] [LOG] [RSA] predictSwitchIn:candidate {name: Rotom-Wash, hp: 148, score: 1, reason: Faster} @ http://localhost:8080/js/roundsim_app.js?047ef0f2:23
[15665335ms] [LOG] [RSA] predictSwitchIn:loop {i: 3, name: Jynx, setId: Jynx (Parasol Lady Koko), hp: 169} @ http://localhost:8080/js/roundsim_app.js?047ef0f2:23
[15665337ms] [LOG] [RSA] predictSwitchIn:candidate {name: Jynx, hp: 169, score: 5, reason: Faster + OHKO} @ http://localhost:8080/js/roundsim_app.js?047ef0f2:23
[15665337ms] [LOG] [RSA] predictSwitchIn:loop {i: 4, name: Goodra, setId: Goodra (Parasol Lady Koko), hp: 196} @ http://localhost:8080/js/roundsim_app.js?047ef0f2:23
[15665339ms] [LOG] [RSA] predictSwitchIn:candidate {name: Goodra, hp: 196, score: 0, reason: Default} @ http://localhost:8080/js/roundsim_app.js?047ef0f2:23
[15665339ms] [LOG] [RSA] predictSwitchIn:entry {rosterLen: 5, activeIdx: 0, roster: *Barraskewda(161/161), Roserade(160/160), Rotom-Wash(148/148), Jynx(169/169), Goodra(196/196)} @ http://localhost:8080/js/roundsim_app.js?047ef0f2:23
[15665340ms] [LOG] [RSA] predictSwitchIn:loop {i: 1, name: Roserade, setId: Roserade (Parasol Lady Koko), hp: 160} @ http://localhost:8080/js/roundsim_app.js?047ef0f2:23
[15665341ms] [LOG] [RSA] predictSwitchIn:candidate {name: Roserade, hp: 160, score: 1, reason: Faster} @ http://localhost:8080/js/roundsim_app.js?047ef0f2:23
[15665342ms] [LOG] [RSA] predictSwitchIn:loop {i: 2, name: Rotom-Wash, setId: Rotom-Wash (Parasol Lady Koko), hp: 148} @ http://localhost:8080/js/roundsim_app.js?047ef0f2:23
[15665344ms] [LOG] [RSA] predictSwitchIn:candidate {name: Rotom-Wash, hp: 148, score: 1, reason: Faster} @ http://localhost:8080/js/roundsim_app.js?047ef0f2:23
[15665344ms] [LOG] [RSA] predictSwitchIn:loop {i: 3, name: Jynx, setId: Jynx (Parasol Lady Koko), hp: 169} @ http://localhost:8080/js/roundsim_app.js?047ef0f2:23
[15665347ms] [LOG] [RSA] predictSwitchIn:candidate {name: Jynx, hp: 169, score: 3, reason: Faster + better trade} @ http://localhost:8080/js/roundsim_app.js?047ef0f2:23
[15665348ms] [LOG] [RSA] predictSwitchIn:loop {i: 4, name: Goodra, setId: Goodra (Parasol Lady Koko), hp: 196} @ http://localhost:8080/js/roundsim_app.js?047ef0f2:23
[15665350ms] [LOG] [RSA] predictSwitchIn:candidate {name: Goodra, hp: 196, score: 3, reason: Faster + better trade} @ http://localhost:8080/js/roundsim_app.js?047ef0f2:23
[15665350ms] [LOG] [RSA] predictSwitchIn:entry {rosterLen: 5, activeIdx: 0, roster: *Barraskewda(161/161), Roserade(160/160), Rotom-Wash(148/148), Jynx(169/169), Goodra(196/196)} @ http://localhost:8080/js/roundsim_app.js?047ef0f2:23
[15665351ms] [LOG] [RSA] predictSwitchIn:loop {i: 1, name: Roserade, setId: Roserade (Parasol Lady Koko), hp: 160} @ http://localhost:8080/js/roundsim_app.js?047ef0f2:23
[15665353ms] [LOG] [RSA] predictSwitchIn:candidate {name: Roserade, hp: 160, score: 5, reason: Faster + OHKO} @ http://localhost:8080/js/roundsim_app.js?047ef0f2:23
[15665354ms] [LOG] [RSA] predictSwitchIn:loop {i: 2, name: Rotom-Wash, setId: Rotom-Wash (Parasol Lady Koko), hp: 148} @ http://localhost:8080/js/roundsim_app.js?047ef0f2:23
[15665356ms] [LOG] [RSA] predictSwitchIn:candidate {name: Rotom-Wash, hp: 148, score: 5, reason: Faster + OHKO} @ http://localhost:8080/js/roundsim_app.js?047ef0f2:23
[15665356ms] [LOG] [RSA] predictSwitchIn:loop {i: 3, name: Jynx, setId: Jynx (Parasol Lady Koko), hp: 169} @ http://localhost:8080/js/roundsim_app.js?047ef0f2:23
[15665359ms] [LOG] [RSA] predictSwitchIn:candidate {name: Jynx, hp: 169, score: 5, reason: Faster + OHKO} @ http://localhost:8080/js/roundsim_app.js?047ef0f2:23
[15665359ms] [LOG] [RSA] predictSwitchIn:loop {i: 4, name: Goodra, setId: Goodra (Parasol Lady Koko), hp: 196} @ http://localhost:8080/js/roundsim_app.js?047ef0f2:23
[15665363ms] [LOG] [RSA] predictSwitchIn:candidate {name: Goodra, hp: 196, score: 1, reason: Faster} @ http://localhost:8080/js/roundsim_app.js?047ef0f2:23
[15665363ms] [LOG] [RSA] predictSwitchIn:entry {rosterLen: 5, activeIdx: 0, roster: *Barraskewda(161/161), Roserade(160/160), Rotom-Wash(148/148), Jynx(169/169), Goodra(196/196)} @ http://localhost:8080/js/roundsim_app.js?047ef0f2:23
[15665364ms] [LOG] [RSA] predictSwitchIn:loop {i: 1, name: Roserade, setId: Roserade (Parasol Lady Koko), hp: 160} @ http://localhost:8080/js/roundsim_app.js?047ef0f2:23
[15665366ms] [LOG] [RSA] predictSwitchIn:candidate {name: Roserade, hp: 160, score: 1, reason: Faster} @ http://localhost:8080/js/roundsim_app.js?047ef0f2:23
[15665366ms] [LOG] [RSA] predictSwitchIn:loop {i: 2, name: Rotom-Wash, setId: Rotom-Wash (Parasol Lady Koko), hp: 148} @ http://localhost:8080/js/roundsim_app.js?047ef0f2:23
[15665368ms] [LOG] [RSA] predictSwitchIn:candidate {name: Rotom-Wash, hp: 148, score: 4, reason: OHKO + survives} @ http://localhost:8080/js/roundsim_app.js?047ef0f2:23
[15665369ms] [LOG] [RSA] predictSwitchIn:loop {i: 3, name: Jynx, setId: Jynx (Parasol Lady Koko), hp: 169} @ http://localhost:8080/js/roundsim_app.js?047ef0f2:23
[15665371ms] [LOG] [RSA] predictSwitchIn:candidate {name: Jynx, hp: 169, score: 1, reason: Faster} @ http://localhost:8080/js/roundsim_app.js?047ef0f2:23
[15665371ms] [LOG] [RSA] predictSwitchIn:loop {i: 4, name: Goodra, setId: Goodra (Parasol Lady Koko), hp: 196} @ http://localhost:8080/js/roundsim_app.js?047ef0f2:23
[15665373ms] [LOG] [RSA] predictSwitchIn:candidate {name: Goodra, hp: 196, score: 2, reason: Better trade} @ http://localhost:8080/js/roundsim_app.js?047ef0f2:23
[15665374ms] [LOG] [RSA] predictSwitchIn:entry {rosterLen: 5, activeIdx: 0, roster: *Barraskewda(161/161), Roserade(160/160), Rotom-Wash(148/148), Jynx(169/169), Goodra(196/196)} @ http://localhost:8080/js/roundsim_app.js?047ef0f2:23
[15665374ms] [LOG] [RSA] predictSwitchIn:loop {i: 1, name: Roserade, setId: Roserade (Parasol Lady Koko), hp: 160} @ http://localhost:8080/js/roundsim_app.js?047ef0f2:23
[15665377ms] [LOG] [RSA] predictSwitchIn:candidate {name: Roserade, hp: 160, score: 5, reason: Faster + OHKO} @ http://localhost:8080/js/roundsim_app.js?047ef0f2:23
[15665377ms] [LOG] [RSA] predictSwitchIn:loop {i: 2, name: Rotom-Wash, setId: Rotom-Wash (Parasol Lady Koko), hp: 148} @ http://localhost:8080/js/roundsim_app.js?047ef0f2:23
[15665381ms] [LOG] [RSA] predictSwitchIn:candidate {name: Rotom-Wash, hp: 148, score: 5, reason: Faster + OHKO} @ http://localhost:8080/js/roundsim_app.js?047ef0f2:23
[15665382ms] [LOG] [RSA] predictSwitchIn:loop {i: 3, name: Jynx, setId: Jynx (Parasol Lady Koko), hp: 169} @ http://localhost:8080/js/roundsim_app.js?047ef0f2:23
[15665384ms] [LOG] [RSA] predictSwitchIn:candidate {name: Jynx, hp: 169, score: 5, reason: Faster + OHKO} @ http://localhost:8080/js/roundsim_app.js?047ef0f2:23
[15665385ms] [LOG] [RSA] predictSwitchIn:loop {i: 4, name: Goodra, setId: Goodra (Parasol Lady Koko), hp: 196} @ http://localhost:8080/js/roundsim_app.js?047ef0f2:23
[15665388ms] [LOG] [RSA] predictSwitchIn:candidate {name: Goodra, hp: 196, score: 3, reason: Faster + better trade} @ http://localhost:8080/js/roundsim_app.js?047ef0f2:23
[15665388ms] [LOG] [RSA] predictSwitchIn:entry {rosterLen: 5, activeIdx: 0, roster: *Barraskewda(161/161), Roserade(160/160), Rotom-Wash(148/148), Jynx(169/169), Goodra(196/196)} @ http://localhost:8080/js/roundsim_app.js?047ef0f2:23
[15665389ms] [LOG] [RSA] predictSwitchIn:loop {i: 1, name: Roserade, setId: Roserade (Parasol Lady Koko), hp: 160} @ http://localhost:8080/js/roundsim_app.js?047ef0f2:23
[15665391ms] [LOG] [RSA] predictSwitchIn:candidate {name: Roserade, hp: 160, score: 1, reason: Faster} @ http://localhost:8080/js/roundsim_app.js?047ef0f2:23
[15665391ms] [LOG] [RSA] predictSwitchIn:loop {i: 2, name: Rotom-Wash, setId: Rotom-Wash (Parasol Lady Koko), hp: 148} @ http://localhost:8080/js/roundsim_app.js?047ef0f2:23
[15665393ms] [LOG] [RSA] predictSwitchIn:candidate {name: Rotom-Wash, hp: 148, score: 1, reason: Faster} @ http://localhost:8080/js/roundsim_app.js?047ef0f2:23
[15665393ms] [LOG] [RSA] predictSwitchIn:loop {i: 3, name: Jynx, setId: Jynx (Parasol Lady Koko), hp: 169} @ http://localhost:8080/js/roundsim_app.js?047ef0f2:23
[15665396ms] [LOG] [RSA] predictSwitchIn:candidate {name: Jynx, hp: 169, score: 1, reason: Faster} @ http://localhost:8080/js/roundsim_app.js?047ef0f2:23
[15665397ms] [LOG] [RSA] predictSwitchIn:loop {i: 4, name: Goodra, setId: Goodra (Parasol Lady Koko), hp: 196} @ http://localhost:8080/js/roundsim_app.js?047ef0f2:23
[15665399ms] [LOG] [RSA] predictSwitchIn:candidate {name: Goodra, hp: 196, score: 1, reason: Faster} @ http://localhost:8080/js/roundsim_app.js?047ef0f2:23
[15665399ms] [LOG] [RSA] predictSwitchIn:entry {rosterLen: 5, activeIdx: 0, roster: *Barraskewda(161/161), Roserade(160/160), Rotom-Wash(148/148), Jynx(169/169), Goodra(196/196)} @ http://localhost:8080/js/roundsim_app.js?047ef0f2:23
[15665400ms] [LOG] [RSA] predictSwitchIn:loop {i: 1, name: Roserade, setId: Roserade (Parasol Lady Koko), hp: 160} @ http://localhost:8080/js/roundsim_app.js?047ef0f2:23
[15665402ms] [LOG] [RSA] predictSwitchIn:candidate {name: Roserade, hp: 160, score: 1, reason: Faster} @ http://localhost:8080/js/roundsim_app.js?047ef0f2:23
[15665402ms] [LOG] [RSA] predictSwitchIn:loop {i: 2, name: Rotom-Wash, setId: Rotom-Wash (Parasol Lady Koko), hp: 148} @ http://localhost:8080/js/roundsim_app.js?047ef0f2:23
[15665404ms] [LOG] [RSA] predictSwitchIn:candidate {name: Rotom-Wash, hp: 148, score: 1, reason: Faster} @ http://localhost:8080/js/roundsim_app.js?047ef0f2:23
[15665404ms] [LOG] [RSA] predictSwitchIn:loop {i: 3, name: Jynx, setId: Jynx (Parasol Lady Koko), hp: 169} @ http://localhost:8080/js/roundsim_app.js?047ef0f2:23
[15665406ms] [LOG] [RSA] predictSwitchIn:candidate {name: Jynx, hp: 169, score: 5, reason: Faster + OHKO} @ http://localhost:8080/js/roundsim_app.js?047ef0f2:23
[15665406ms] [LOG] [RSA] predictSwitchIn:loop {i: 4, name: Goodra, setId: Goodra (Parasol Lady Koko), hp: 196} @ http://localhost:8080/js/roundsim_app.js?047ef0f2:23
[15665408ms] [LOG] [RSA] predictSwitchIn:candidate {name: Goodra, hp: 196, score: 1, reason: Faster} @ http://localhost:8080/js/roundsim_app.js?047ef0f2:23
[15665408ms] [LOG] [RSA] predictSwitchIn:entry {rosterLen: 5, activeIdx: 0, roster: *Barraskewda(161/161), Roserade(160/160), Rotom-Wash(148/148), Jynx(169/169), Goodra(196/196)} @ http://localhost:8080/js/roundsim_app.js?047ef0f2:23
[15665409ms] [LOG] [RSA] predictSwitchIn:loop {i: 1, name: Roserade, setId: Roserade (Parasol Lady Koko), hp: 160} @ http://localhost:8080/js/roundsim_app.js?047ef0f2:23
[15665411ms] [LOG] [RSA] predictSwitchIn:candidate {name: Roserade, hp: 160, score: 1, reason: Faster} @ http://localhost:8080/js/roundsim_app.js?047ef0f2:23
[15665411ms] [LOG] [RSA] predictSwitchIn:loop {i: 2, name: Rotom-Wash, setId: Rotom-Wash (Parasol Lady Koko), hp: 148} @ http://localhost:8080/js/roundsim_app.js?047ef0f2:23
[15665415ms] [LOG] [RSA] predictSwitchIn:candidate {name: Rotom-Wash, hp: 148, score: 1, reason: Faster} @ http://localhost:8080/js/roundsim_app.js?047ef0f2:23
[15665416ms] [LOG] [RSA] predictSwitchIn:loop {i: 3, name: Jynx, setId: Jynx (Parasol Lady Koko), hp: 169} @ http://localhost:8080/js/roundsim_app.js?047ef0f2:23
[15665418ms] [LOG] [RSA] predictSwitchIn:candidate {name: Jynx, hp: 169, score: 5, reason: Faster + OHKO} @ http://localhost:8080/js/roundsim_app.js?047ef0f2:23
[15665418ms] [LOG] [RSA] predictSwitchIn:loop {i: 4, name: Goodra, setId: Goodra (Parasol Lady Koko), hp: 196} @ http://localhost:8080/js/roundsim_app.js?047ef0f2:23
[15665421ms] [LOG] [RSA] predictSwitchIn:candidate {name: Goodra, hp: 196, score: 1, reason: Faster} @ http://localhost:8080/js/roundsim_app.js?047ef0f2:23
[15665421ms] [LOG] [RSA] predictSwitchIn:entry {rosterLen: 5, activeIdx: 0, roster: *Barraskewda(161/161), Roserade(160/160), Rotom-Wash(148/148), Jynx(169/169), Goodra(196/196)} @ http://localhost:8080/js/roundsim_app.js?047ef0f2:23
[15665422ms] [LOG] [RSA] predictSwitchIn:loop {i: 1, name: Roserade, setId: Roserade (Parasol Lady Koko), hp: 160} @ http://localhost:8080/js/roundsim_app.js?047ef0f2:23
[15665424ms] [LOG] [RSA] predictSwitchIn:candidate {name: Roserade, hp: 160, score: 1, reason: Faster} @ http://localhost:8080/js/roundsim_app.js?047ef0f2:23
[15665424ms] [LOG] [RSA] predictSwitchIn:loop {i: 2, name: Rotom-Wash, setId: Rotom-Wash (Parasol Lady Koko), hp: 148} @ http://localhost:8080/js/roundsim_app.js?047ef0f2:23
[15665426ms] [LOG] [RSA] predictSwitchIn:candidate {name: Rotom-Wash, hp: 148, score: -1, reason: Slower + OHKO'd} @ http://localhost:8080/js/roundsim_app.js?047ef0f2:23
[15665426ms] [LOG] [RSA] predictSwitchIn:loop {i: 3, name: Jynx, setId: Jynx (Parasol Lady Koko), hp: 169} @ http://localhost:8080/js/roundsim_app.js?047ef0f2:23
[15665429ms] [LOG] [RSA] predictSwitchIn:candidate {name: Jynx, hp: 169, score: 5, reason: Faster + OHKO} @ http://localhost:8080/js/roundsim_app.js?047ef0f2:23
[15665430ms] [LOG] [RSA] predictSwitchIn:loop {i: 4, name: Goodra, setId: Goodra (Parasol Lady Koko), hp: 196} @ http://localhost:8080/js/roundsim_app.js?047ef0f2:23
[15665431ms] [LOG] [RSA] predictSwitchIn:candidate {name: Goodra, hp: 196, score: 2, reason: Better trade} @ http://localhost:8080/js/roundsim_app.js?047ef0f2:23
[15665432ms] [LOG] [RSA] predictSwitchIn:entry {rosterLen: 5, activeIdx: 0, roster: *Barraskewda(161/161), Roserade(160/160), Rotom-Wash(148/148), Jynx(169/169), Goodra(196/196)} @ http://localhost:8080/js/roundsim_app.js?047ef0f2:23
[15665432ms] [LOG] [RSA] predictSwitchIn:loop {i: 1, name: Roserade, setId: Roserade (Parasol Lady Koko), hp: 160} @ http://localhost:8080/js/roundsim_app.js?047ef0f2:23
[15665434ms] [LOG] [RSA] predictSwitchIn:candidate {name: Roserade, hp: 160, score: -1, reason: Slower + OHKO'd} @ http://localhost:8080/js/roundsim_app.js?047ef0f2:23
[15665435ms] [LOG] [RSA] predictSwitchIn:loop {i: 2, name: Rotom-Wash, setId: Rotom-Wash (Parasol Lady Koko), hp: 148} @ http://localhost:8080/js/roundsim_app.js?047ef0f2:23
[15665436ms] [LOG] [RSA] predictSwitchIn:candidate {name: Rotom-Wash, hp: 148, score: 0, reason: Default} @ http://localhost:8080/js/roundsim_app.js?047ef0f2:23
[15665437ms] [LOG] [RSA] predictSwitchIn:loop {i: 3, name: Jynx, setId: Jynx (Parasol Lady Koko), hp: 169} @ http://localhost:8080/js/roundsim_app.js?047ef0f2:23
[15665438ms] [LOG] [RSA] predictSwitchIn:candidate {name: Jynx, hp: 169, score: 2, reason: Better trade} @ http://localhost:8080/js/roundsim_app.js?047ef0f2:23
[15665438ms] [LOG] [RSA] predictSwitchIn:loop {i: 4, name: Goodra, setId: Goodra (Parasol Lady Koko), hp: 196} @ http://localhost:8080/js/roundsim_app.js?047ef0f2:23
[15665441ms] [LOG] [RSA] predictSwitchIn:candidate {name: Goodra, hp: 196, score: -1, reason: Slower + OHKO'd} @ http://localhost:8080/js/roundsim_app.js?047ef0f2:23
[15665441ms] [LOG] [RSA] predictSwitchIn:entry {rosterLen: 5, activeIdx: 0, roster: *Barraskewda(161/161), Roserade(160/160), Rotom-Wash(148/148), Jynx(169/169), Goodra(196/196)} @ http://localhost:8080/js/roundsim_app.js?047ef0f2:23
[15665442ms] [LOG] [RSA] predictSwitchIn:loop {i: 1, name: Roserade, setId: Roserade (Parasol Lady Koko), hp: 160} @ http://localhost:8080/js/roundsim_app.js?047ef0f2:23
[15665444ms] [LOG] [RSA] predictSwitchIn:candidate {name: Roserade, hp: 160, score: 1, reason: Faster} @ http://localhost:8080/js/roundsim_app.js?047ef0f2:23
[15665444ms] [LOG] [RSA] predictSwitchIn:loop {i: 2, name: Rotom-Wash, setId: Rotom-Wash (Parasol Lady Koko), hp: 148} @ http://localhost:8080/js/roundsim_app.js?047ef0f2:23
[15665448ms] [LOG] [RSA] predictSwitchIn:candidate {name: Rotom-Wash, hp: 148, score: 5, reason: Faster + OHKO} @ http://localhost:8080/js/roundsim_app.js?047ef0f2:23
[15665448ms] [LOG] [RSA] predictSwitchIn:loop {i: 3, name: Jynx, setId: Jynx (Parasol Lady Koko), hp: 169} @ http://localhost:8080/js/roundsim_app.js?047ef0f2:23
[15665450ms] [LOG] [RSA] predictSwitchIn:candidate {name: Jynx, hp: 169, score: 5, reason: Faster + OHKO} @ http://localhost:8080/js/roundsim_app.js?047ef0f2:23
[15665450ms] [LOG] [RSA] predictSwitchIn:loop {i: 4, name: Goodra, setId: Goodra (Parasol Lady Koko), hp: 196} @ http://localhost:8080/js/roundsim_app.js?047ef0f2:23
[15665452ms] [LOG] [RSA] predictSwitchIn:candidate {name: Goodra, hp: 196, score: 2, reason: Better trade} @ http://localhost:8080/js/roundsim_app.js?047ef0f2:23
[15665452ms] [LOG] [RSA] predictSwitchIn:entry {rosterLen: 5, activeIdx: 0, roster: *Barraskewda(161/161), Roserade(160/160), Rotom-Wash(148/148), Jynx(169/169), Goodra(196/196)} @ http://localhost:8080/js/roundsim_app.js?047ef0f2:23
[15665453ms] [LOG] [RSA] predictSwitchIn:loop {i: 1, name: Roserade, setId: Roserade (Parasol Lady Koko), hp: 160} @ http://localhost:8080/js/roundsim_app.js?047ef0f2:23
[15665454ms] [LOG] [RSA] predictSwitchIn:candidate {name: Roserade, hp: 160, score: 1, reason: Faster} @ http://localhost:8080/js/roundsim_app.js?047ef0f2:23
[15665455ms] [LOG] [RSA] predictSwitchIn:loop {i: 2, name: Rotom-Wash, setId: Rotom-Wash (Parasol Lady Koko), hp: 148} @ http://localhost:8080/js/roundsim_app.js?047ef0f2:23
[15665457ms] [LOG] [RSA] predictSwitchIn:candidate {name: Rotom-Wash, hp: 148, score: 1, reason: Faster} @ http://localhost:8080/js/roundsim_app.js?047ef0f2:23
[15665457ms] [LOG] [RSA] predictSwitchIn:loop {i: 3, name: Jynx, setId: Jynx (Parasol Lady Koko), hp: 169} @ http://localhost:8080/js/roundsim_app.js?047ef0f2:23
[15665459ms] [LOG] [RSA] predictSwitchIn:candidate {name: Jynx, hp: 169, score: 1, reason: Faster} @ http://localhost:8080/js/roundsim_app.js?047ef0f2:23
[15665459ms] [LOG] [RSA] predictSwitchIn:loop {i: 4, name: Goodra, setId: Goodra (Parasol Lady Koko), hp: 196} @ http://localhost:8080/js/roundsim_app.js?047ef0f2:23
[15665462ms] [LOG] [RSA] predictSwitchIn:candidate {name: Goodra, hp: 196, score: 1, reason: Faster} @ http://localhost:8080/js/roundsim_app.js?047ef0f2:23
[15665463ms] [LOG] [RSA] predictSwitchIn:entry {rosterLen: 5, activeIdx: 0, roster: *Barraskewda(161/161), Roserade(160/160), Rotom-Wash(148/148), Jynx(169/169), Goodra(196/196)} @ http://localhost:8080/js/roundsim_app.js?047ef0f2:23
[15665464ms] [LOG] [RSA] predictSwitchIn:loop {i: 1, name: Roserade, setId: Roserade (Parasol Lady Koko), hp: 160} @ http://localhost:8080/js/roundsim_app.js?047ef0f2:23
[15665465ms] [LOG] [RSA] predictSwitchIn:candidate {name: Roserade, hp: 160, score: 1, reason: Faster} @ http://localhost:8080/js/roundsim_app.js?047ef0f2:23
[15665466ms] [LOG] [RSA] predictSwitchIn:loop {i: 2, name: Rotom-Wash, setId: Rotom-Wash (Parasol Lady Koko), hp: 148} @ http://localhost:8080/js/roundsim_app.js?047ef0f2:23
[15665468ms] [LOG] [RSA] predictSwitchIn:candidate {name: Rotom-Wash, hp: 148, score: 1, reason: Faster} @ http://localhost:8080/js/roundsim_app.js?047ef0f2:23
[15665468ms] [LOG] [RSA] predictSwitchIn:loop {i: 3, name: Jynx, setId: Jynx (Parasol Lady Koko), hp: 169} @ http://localhost:8080/js/roundsim_app.js?047ef0f2:23
[15665470ms] [LOG] [RSA] predictSwitchIn:candidate {name: Jynx, hp: 169, score: 1, reason: Faster} @ http://localhost:8080/js/roundsim_app.js?047ef0f2:23
[15665470ms] [LOG] [RSA] predictSwitchIn:loop {i: 4, name: Goodra, setId: Goodra (Parasol Lady Koko), hp: 196} @ http://localhost:8080/js/roundsim_app.js?047ef0f2:23
[15665472ms] [LOG] [RSA] predictSwitchIn:candidate {name: Goodra, hp: 196, score: 1, reason: Faster} @ http://localhost:8080/js/roundsim_app.js?047ef0f2:23
[15665472ms] [LOG] [RSA] predictSwitchIn:entry {rosterLen: 5, activeIdx: 0, roster: *Barraskewda(161/161), Roserade(160/160), Rotom-Wash(148/148), Jynx(169/169), Goodra(196/196)} @ http://localhost:8080/js/roundsim_app.js?047ef0f2:23
[15665473ms] [LOG] [RSA] predictSwitchIn:loop {i: 1, name: Roserade, setId: Roserade (Parasol Lady Koko), hp: 160} @ http://localhost:8080/js/roundsim_app.js?047ef0f2:23
[15665474ms] [LOG] [RSA] predictSwitchIn:candidate {name: Roserade, hp: 160, score: 1, reason: Faster} @ http://localhost:8080/js/roundsim_app.js?047ef0f2:23
[15665475ms] [LOG] [RSA] predictSwitchIn:loop {i: 2, name: Rotom-Wash, setId: Rotom-Wash (Parasol Lady Koko), hp: 148} @ http://localhost:8080/js/roundsim_app.js?047ef0f2:23
[15665477ms] [LOG] [RSA] predictSwitchIn:candidate {name: Rotom-Wash, hp: 148, score: 1, reason: Faster} @ http://localhost:8080/js/roundsim_app.js?047ef0f2:23
[15665478ms] [LOG] [RSA] predictSwitchIn:loop {i: 3, name: Jynx, setId: Jynx (Parasol Lady Koko), hp: 169} @ http://localhost:8080/js/roundsim_app.js?047ef0f2:23
[15665481ms] [LOG] [RSA] predictSwitchIn:candidate {name: Jynx, hp: 169, score: 3, reason: Faster + better trade} @ http://localhost:8080/js/roundsim_app.js?047ef0f2:23
[15665481ms] [LOG] [RSA] predictSwitchIn:loop {i: 4, name: Goodra, setId: Goodra (Parasol Lady Koko), hp: 196} @ http://localhost:8080/js/roundsim_app.js?047ef0f2:23
[15665483ms] [LOG] [RSA] predictSwitchIn:candidate {name: Goodra, hp: 196, score: 3, reason: Faster + better trade} @ http://localhost:8080/js/roundsim_app.js?047ef0f2:23
[15665484ms] [LOG] [RSA] predictSwitchIn:entry {rosterLen: 5, activeIdx: 0, roster: *Barraskewda(161/161), Roserade(160/160), Rotom-Wash(148/148), Jynx(169/169), Goodra(196/196)} @ http://localhost:8080/js/roundsim_app.js?047ef0f2:23
[15665484ms] [LOG] [RSA] predictSwitchIn:loop {i: 1, name: Roserade, setId: Roserade (Parasol Lady Koko), hp: 160} @ http://localhost:8080/js/roundsim_app.js?047ef0f2:23
[15665486ms] [LOG] [RSA] predictSwitchIn:candidate {name: Roserade, hp: 160, score: 1, reason: Faster} @ http://localhost:8080/js/roundsim_app.js?047ef0f2:23
[15665486ms] [LOG] [RSA] predictSwitchIn:loop {i: 2, name: Rotom-Wash, setId: Rotom-Wash (Parasol Lady Koko), hp: 148} @ http://localhost:8080/js/roundsim_app.js?047ef0f2:23
[15665488ms] [LOG] [RSA] predictSwitchIn:candidate {name: Rotom-Wash, hp: 148, score: 0, reason: Default} @ http://localhost:8080/js/roundsim_app.js?047ef0f2:23
[15665488ms] [LOG] [RSA] predictSwitchIn:loop {i: 3, name: Jynx, setId: Jynx (Parasol Lady Koko), hp: 169} @ http://localhost:8080/js/roundsim_app.js?047ef0f2:23
[15665491ms] [LOG] [RSA] predictSwitchIn:candidate {name: Jynx, hp: 169, score: 1, reason: Faster} @ http://localhost:8080/js/roundsim_app.js?047ef0f2:23
[15665492ms] [LOG] [RSA] predictSwitchIn:loop {i: 4, name: Goodra, setId: Goodra (Parasol Lady Koko), hp: 196} @ http://localhost:8080/js/roundsim_app.js?047ef0f2:23
[15665494ms] [LOG] [RSA] predictSwitchIn:candidate {name: Goodra, hp: 196, score: 0, reason: Default} @ http://localhost:8080/js/roundsim_app.js?047ef0f2:23
[15665495ms] [LOG] [RSA] predictSwitchIn:entry {rosterLen: 5, activeIdx: 0, roster: *Barraskewda(161/161), Roserade(160/160), Rotom-Wash(148/148), Jynx(169/169), Goodra(196/196)} @ http://localhost:8080/js/roundsim_app.js?047ef0f2:23
[15665497ms] [LOG] [RSA] predictSwitchIn:loop {i: 1, name: Roserade, setId: Roserade (Parasol Lady Koko), hp: 160} @ http://localhost:8080/js/roundsim_app.js?047ef0f2:23
[15665499ms] [LOG] [RSA] predictSwitchIn:candidate {name: Roserade, hp: 160, score: 1, reason: Faster} @ http://localhost:8080/js/roundsim_app.js?047ef0f2:23
[15665500ms] [LOG] [RSA] predictSwitchIn:loop {i: 2, name: Rotom-Wash, setId: Rotom-Wash (Parasol Lady Koko), hp: 148} @ http://localhost:8080/js/roundsim_app.js?047ef0f2:23
[15665501ms] [LOG] [RSA] predictSwitchIn:candidate {name: Rotom-Wash, hp: 148, score: 5, reason: Faster + OHKO} @ http://localhost:8080/js/roundsim_app.js?047ef0f2:23
[15665502ms] [LOG] [RSA] predictSwitchIn:loop {i: 3, name: Jynx, setId: Jynx (Parasol Lady Koko), hp: 169} @ http://localhost:8080/js/roundsim_app.js?047ef0f2:23
[15665503ms] [LOG] [RSA] predictSwitchIn:candidate {name: Jynx, hp: 169, score: 1, reason: Faster} @ http://localhost:8080/js/roundsim_app.js?047ef0f2:23
[15665504ms] [LOG] [RSA] predictSwitchIn:loop {i: 4, name: Goodra, setId: Goodra (Parasol Lady Koko), hp: 196} @ http://localhost:8080/js/roundsim_app.js?047ef0f2:23
[15665507ms] [LOG] [RSA] predictSwitchIn:candidate {name: Goodra, hp: 196, score: 0, reason: Default} @ http://localhost:8080/js/roundsim_app.js?047ef0f2:23
[15665928ms] [LOG] [RSA] predictSwitchIn:entry {rosterLen: 5, activeIdx: 0, roster: *Barraskewda(161/161), Roserade(160/160), Rotom-Wash(148/148), Jynx(169/169), Goodra(196/196)} @ http://localhost:8080/js/roundsim_app.js?047ef0f2:23
[15665929ms] [LOG] [RSA] predictSwitchIn:loop {i: 1, name: Roserade, setId: Roserade (Parasol Lady Koko), hp: 160} @ http://localhost:8080/js/roundsim_app.js?047ef0f2:23
[15665932ms] [LOG] [RSA] predictSwitchIn:candidate {name: Roserade, hp: 160, score: 1, reason: Faster} @ http://localhost:8080/js/roundsim_app.js?047ef0f2:23
[15665933ms] [LOG] [RSA] predictSwitchIn:loop {i: 2, name: Rotom-Wash, setId: Rotom-Wash (Parasol Lady Koko), hp: 148} @ http://localhost:8080/js/roundsim_app.js?047ef0f2:23
[15665935ms] [LOG] [RSA] predictSwitchIn:candidate {name: Rotom-Wash, hp: 148, score: 2, reason: Better trade} @ http://localhost:8080/js/roundsim_app.js?047ef0f2:23
[15665935ms] [LOG] [RSA] predictSwitchIn:loop {i: 3, name: Jynx, setId: Jynx (Parasol Lady Koko), hp: 169} @ http://localhost:8080/js/roundsim_app.js?047ef0f2:23
[15665938ms] [LOG] [RSA] predictSwitchIn:candidate {name: Jynx, hp: 169, score: 1, reason: Faster} @ http://localhost:8080/js/roundsim_app.js?047ef0f2:23
[15665938ms] [LOG] [RSA] predictSwitchIn:loop {i: 4, name: Goodra, setId: Goodra (Parasol Lady Koko), hp: 196} @ http://localhost:8080/js/roundsim_app.js?047ef0f2:23
[15665941ms] [LOG] [RSA] predictSwitchIn:candidate {name: Goodra, hp: 196, score: 2, reason: Better trade} @ http://localhost:8080/js/roundsim_app.js?047ef0f2:23
[15665942ms] [LOG] [RSA] predictSwitchIn:entry {rosterLen: 5, activeIdx: 0, roster: *Barraskewda(161/161), Roserade(160/160), Rotom-Wash(148/148), Jynx(169/169), Goodra(196/196)} @ http://localhost:8080/js/roundsim_app.js?047ef0f2:23
[15665942ms] [LOG] [RSA] predictSwitchIn:loop {i: 1, name: Roserade, setId: Roserade (Parasol Lady Koko), hp: 160} @ http://localhost:8080/js/roundsim_app.js?047ef0f2:23
[15665947ms] [LOG] [RSA] predictSwitchIn:candidate {name: Roserade, hp: 160, score: 1, reason: Faster} @ http://localhost:8080/js/roundsim_app.js?047ef0f2:23
[15665947ms] [LOG] [RSA] predictSwitchIn:loop {i: 2, name: Rotom-Wash, setId: Rotom-Wash (Parasol Lady Koko), hp: 148} @ http://localhost:8080/js/roundsim_app.js?047ef0f2:23
[15665950ms] [LOG] [RSA] predictSwitchIn:candidate {name: Rotom-Wash, hp: 148, score: 1, reason: Faster} @ http://localhost:8080/js/roundsim_app.js?047ef0f2:23
[15665950ms] [LOG] [RSA] predictSwitchIn:loop {i: 3, name: Jynx, setId: Jynx (Parasol Lady Koko), hp: 169} @ http://localhost:8080/js/roundsim_app.js?047ef0f2:23
[15665953ms] [LOG] [RSA] predictSwitchIn:candidate {name: Jynx, hp: 169, score: 5, reason: Faster + OHKO} @ http://localhost:8080/js/roundsim_app.js?047ef0f2:23
[15665953ms] [LOG] [RSA] predictSwitchIn:loop {i: 4, name: Goodra, setId: Goodra (Parasol Lady Koko), hp: 196} @ http://localhost:8080/js/roundsim_app.js?047ef0f2:23
[15665956ms] [LOG] [RSA] predictSwitchIn:candidate {name: Goodra, hp: 196, score: 0, reason: Default} @ http://localhost:8080/js/roundsim_app.js?047ef0f2:23
[15665957ms] [LOG] [RSA] predictSwitchIn:entry {rosterLen: 5, activeIdx: 0, roster: *Barraskewda(161/161), Roserade(160/160), Rotom-Wash(148/148), Jynx(169/169), Goodra(196/196)} @ http://localhost:8080/js/roundsim_app.js?047ef0f2:23
[15665958ms] [LOG] [RSA] predictSwitchIn:loop {i: 1, name: Roserade, setId: Roserade (Parasol Lady Koko), hp: 160} @ http://localhost:8080/js/roundsim_app.js?047ef0f2:23
[15665959ms] [LOG] [RSA] predictSwitchIn:candidate {name: Roserade, hp: 160, score: 5, reason: Faster + OHKO} @ http://localhost:8080/js/roundsim_app.js?047ef0f2:23
[15665960ms] [LOG] [RSA] predictSwitchIn:loop {i: 2, name: Rotom-Wash, setId: Rotom-Wash (Parasol Lady Koko), hp: 148} @ http://localhost:8080/js/roundsim_app.js?047ef0f2:23
[15665963ms] [LOG] [RSA] predictSwitchIn:candidate {name: Rotom-Wash, hp: 148, score: 3, reason: Faster + better trade} @ http://localhost:8080/js/roundsim_app.js?047ef0f2:23
[15665964ms] [LOG] [RSA] predictSwitchIn:loop {i: 3, name: Jynx, setId: Jynx (Parasol Lady Koko), hp: 169} @ http://localhost:8080/js/roundsim_app.js?047ef0f2:23
[15665966ms] [LOG] [RSA] predictSwitchIn:candidate {name: Jynx, hp: 169, score: 1, reason: Faster} @ http://localhost:8080/js/roundsim_app.js?047ef0f2:23
[15665967ms] [LOG] [RSA] predictSwitchIn:loop {i: 4, name: Goodra, setId: Goodra (Parasol Lady Koko), hp: 196} @ http://localhost:8080/js/roundsim_app.js?047ef0f2:23
[15665969ms] [LOG] [RSA] predictSwitchIn:candidate {name: Goodra, hp: 196, score: 0, reason: Default} @ http://localhost:8080/js/roundsim_app.js?047ef0f2:23
[15665969ms] [LOG] [RSA] predictSwitchIn:entry {rosterLen: 5, activeIdx: 0, roster: *Barraskewda(161/161), Roserade(160/160), Rotom-Wash(148/148), Jynx(169/169), Goodra(196/196)} @ http://localhost:8080/js/roundsim_app.js?047ef0f2:23
[15665970ms] [LOG] [RSA] predictSwitchIn:loop {i: 1, name: Roserade, setId: Roserade (Parasol Lady Koko), hp: 160} @ http://localhost:8080/js/roundsim_app.js?047ef0f2:23
[15665972ms] [LOG] [RSA] predictSwitchIn:candidate {name: Roserade, hp: 160, score: 1, reason: Faster} @ http://localhost:8080/js/roundsim_app.js?047ef0f2:23
[15665972ms] [LOG] [RSA] predictSwitchIn:loop {i: 2, name: Rotom-Wash, setId: Rotom-Wash (Parasol Lady Koko), hp: 148} @ http://localhost:8080/js/roundsim_app.js?047ef0f2:23
[15665975ms] [LOG] [RSA] predictSwitchIn:candidate {name: Rotom-Wash, hp: 148, score: 5, reason: Faster + OHKO} @ http://localhost:8080/js/roundsim_app.js?047ef0f2:23
[15665975ms] [LOG] [RSA] predictSwitchIn:loop {i: 3, name: Jynx, setId: Jynx (Parasol Lady Koko), hp: 169} @ http://localhost:8080/js/roundsim_app.js?047ef0f2:23
[15665977ms] [LOG] [RSA] predictSwitchIn:candidate {name: Jynx, hp: 169, score: 5, reason: Faster + OHKO} @ http://localhost:8080/js/roundsim_app.js?047ef0f2:23
[15665977ms] [LOG] [RSA] predictSwitchIn:loop {i: 4, name: Goodra, setId: Goodra (Parasol Lady Koko), hp: 196} @ http://localhost:8080/js/roundsim_app.js?047ef0f2:23
[15665981ms] [LOG] [RSA] predictSwitchIn:candidate {name: Goodra, hp: 196, score: 2, reason: Better trade} @ http://localhost:8080/js/roundsim_app.js?047ef0f2:23
[15665982ms] [LOG] [RSA] predictSwitchIn:entry {rosterLen: 5, activeIdx: 0, roster: *Barraskewda(161/161), Roserade(160/160), Rotom-Wash(148/148), Jynx(169/169), Goodra(196/196)} @ http://localhost:8080/js/roundsim_app.js?047ef0f2:23
[15665982ms] [LOG] [RSA] predictSwitchIn:loop {i: 1, name: Roserade, setId: Roserade (Parasol Lady Koko), hp: 160} @ http://localhost:8080/js/roundsim_app.js?047ef0f2:23
[15665984ms] [LOG] [RSA] predictSwitchIn:candidate {name: Roserade, hp: 160, score: 5, reason: Faster + OHKO} @ http://localhost:8080/js/roundsim_app.js?047ef0f2:23
[15665985ms] [LOG] [RSA] predictSwitchIn:loop {i: 2, name: Rotom-Wash, setId: Rotom-Wash (Parasol Lady Koko), hp: 148} @ http://localhost:8080/js/roundsim_app.js?047ef0f2:23
[15665987ms] [LOG] [RSA] predictSwitchIn:candidate {name: Rotom-Wash, hp: 148, score: 3, reason: Faster + better trade} @ http://localhost:8080/js/roundsim_app.js?047ef0f2:23
[15665987ms] [LOG] [RSA] predictSwitchIn:loop {i: 3, name: Jynx, setId: Jynx (Parasol Lady Koko), hp: 169} @ http://localhost:8080/js/roundsim_app.js?047ef0f2:23
[15665989ms] [LOG] [RSA] predictSwitchIn:candidate {name: Jynx, hp: 169, score: 1, reason: Faster} @ http://localhost:8080/js/roundsim_app.js?047ef0f2:23
[15665990ms] [LOG] [RSA] predictSwitchIn:loop {i: 4, name: Goodra, setId: Goodra (Parasol Lady Koko), hp: 196} @ http://localhost:8080/js/roundsim_app.js?047ef0f2:23
[15665992ms] [LOG] [RSA] predictSwitchIn:candidate {name: Goodra, hp: 196, score: 1, reason: Faster} @ http://localhost:8080/js/roundsim_app.js?047ef0f2:23
[15665993ms] [LOG] [RSA] predictSwitchIn:entry {rosterLen: 5, activeIdx: 0, roster: *Barraskewda(161/161), Roserade(160/160), Rotom-Wash(148/148), Jynx(169/169), Goodra(196/196)} @ http://localhost:8080/js/roundsim_app.js?047ef0f2:23
[15665993ms] [LOG] [RSA] predictSwitchIn:loop {i: 1, name: Roserade, setId: Roserade (Parasol Lady Koko), hp: 160} @ http://localhost:8080/js/roundsim_app.js?047ef0f2:23
[15665997ms] [LOG] [RSA] predictSwitchIn:candidate {name: Roserade, hp: 160, score: 1, reason: Faster} @ http://localhost:8080/js/roundsim_app.js?047ef0f2:23
[15665998ms] [LOG] [RSA] predictSwitchIn:loop {i: 2, name: Rotom-Wash, setId: Rotom-Wash (Parasol Lady Koko), hp: 148} @ http://localhost:8080/js/roundsim_app.js?047ef0f2:23
[15666001ms] [LOG] [RSA] predictSwitchIn:candidate {name: Rotom-Wash, hp: 148, score: 1, reason: Faster} @ http://localhost:8080/js/roundsim_app.js?047ef0f2:23
[15666001ms] [LOG] [RSA] predictSwitchIn:loop {i: 3, name: Jynx, setId: Jynx (Parasol Lady Koko), hp: 169} @ http://localhost:8080/js/roundsim_app.js?047ef0f2:23
[15666004ms] [LOG] [RSA] predictSwitchIn:candidate {name: Jynx, hp: 169, score: 1, reason: Faster} @ http://localhost:8080/js/roundsim_app.js?047ef0f2:23
[15666005ms] [LOG] [RSA] predictSwitchIn:loop {i: 4, name: Goodra, setId: Goodra (Parasol Lady Koko), hp: 196} @ http://localhost:8080/js/roundsim_app.js?047ef0f2:23
[15666008ms] [LOG] [RSA] predictSwitchIn:candidate {name: Goodra, hp: 196, score: 1, reason: Faster} @ http://localhost:8080/js/roundsim_app.js?047ef0f2:23
[15666008ms] [LOG] [RSA] predictSwitchIn:entry {rosterLen: 5, activeIdx: 0, roster: *Barraskewda(161/161), Roserade(160/160), Rotom-Wash(148/148), Jynx(169/169), Goodra(196/196)} @ http://localhost:8080/js/roundsim_app.js?047ef0f2:23
[15666009ms] [LOG] [RSA] predictSwitchIn:loop {i: 1, name: Roserade, setId: Roserade (Parasol Lady Koko), hp: 160} @ http://localhost:8080/js/roundsim_app.js?047ef0f2:23
[15666014ms] [LOG] [RSA] predictSwitchIn:candidate {name: Roserade, hp: 160, score: 4, reason: OHKO + survives} @ http://localhost:8080/js/roundsim_app.js?047ef0f2:23
[15666015ms] [LOG] [RSA] predictSwitchIn:loop {i: 2, name: Rotom-Wash, setId: Rotom-Wash (Parasol Lady Koko), hp: 148} @ http://localhost:8080/js/roundsim_app.js?047ef0f2:23
[15666018ms] [LOG] [RSA] predictSwitchIn:candidate {name: Rotom-Wash, hp: 148, score: 4, reason: OHKO + survives} @ http://localhost:8080/js/roundsim_app.js?047ef0f2:23
[15666018ms] [LOG] [RSA] predictSwitchIn:loop {i: 3, name: Jynx, setId: Jynx (Parasol Lady Koko), hp: 169} @ http://localhost:8080/js/roundsim_app.js?047ef0f2:23
[15666021ms] [LOG] [RSA] predictSwitchIn:candidate {name: Jynx, hp: 169, score: 4, reason: OHKO + survives} @ http://localhost:8080/js/roundsim_app.js?047ef0f2:23
[15666021ms] [LOG] [RSA] predictSwitchIn:loop {i: 4, name: Goodra, setId: Goodra (Parasol Lady Koko), hp: 196} @ http://localhost:8080/js/roundsim_app.js?047ef0f2:23
[15666024ms] [LOG] [RSA] predictSwitchIn:candidate {name: Goodra, hp: 196, score: 2, reason: Better trade} @ http://localhost:8080/js/roundsim_app.js?047ef0f2:23
[15666024ms] [LOG] [RSA] predictSwitchIn:entry {rosterLen: 5, activeIdx: 0, roster: *Barraskewda(161/161), Roserade(160/160), Rotom-Wash(148/148), Jynx(169/169), Goodra(196/196)} @ http://localhost:8080/js/roundsim_app.js?047ef0f2:23
[15666025ms] [LOG] [RSA] predictSwitchIn:loop {i: 1, name: Roserade, setId: Roserade (Parasol Lady Koko), hp: 160} @ http://localhost:8080/js/roundsim_app.js?047ef0f2:23
[15666029ms] [LOG] [RSA] predictSwitchIn:candidate {name: Roserade, hp: 160, score: 1, reason: Faster} @ http://localhost:8080/js/roundsim_app.js?047ef0f2:23
[15666030ms] [LOG] [RSA] predictSwitchIn:loop {i: 2, name: Rotom-Wash, setId: Rotom-Wash (Parasol Lady Koko), hp: 148} @ http://localhost:8080/js/roundsim_app.js?047ef0f2:23
[15666032ms] [LOG] [RSA] predictSwitchIn:candidate {name: Rotom-Wash, hp: 148, score: 3, reason: Faster + better trade} @ http://localhost:8080/js/roundsim_app.js?047ef0f2:23
[15666033ms] [LOG] [RSA] predictSwitchIn:loop {i: 3, name: Jynx, setId: Jynx (Parasol Lady Koko), hp: 169} @ http://localhost:8080/js/roundsim_app.js?047ef0f2:23
[15666035ms] [LOG] [RSA] predictSwitchIn:candidate {name: Jynx, hp: 169, score: 1, reason: Faster} @ http://localhost:8080/js/roundsim_app.js?047ef0f2:23
[15666036ms] [LOG] [RSA] predictSwitchIn:loop {i: 4, name: Goodra, setId: Goodra (Parasol Lady Koko), hp: 196} @ http://localhost:8080/js/roundsim_app.js?047ef0f2:23
[15666038ms] [LOG] [RSA] predictSwitchIn:candidate {name: Goodra, hp: 196, score: 3, reason: Faster + better trade} @ http://localhost:8080/js/roundsim_app.js?047ef0f2:23
[15666039ms] [LOG] [RSA] predictSwitchIn:entry {rosterLen: 5, activeIdx: 0, roster: *Barraskewda(161/161), Roserade(160/160), Rotom-Wash(148/148), Jynx(169/169), Goodra(196/196)} @ http://localhost:8080/js/roundsim_app.js?047ef0f2:23
[15666039ms] [LOG] [RSA] predictSwitchIn:loop {i: 1, name: Roserade, setId: Roserade (Parasol Lady Koko), hp: 160} @ http://localhost:8080/js/roundsim_app.js?047ef0f2:23
[15666045ms] [LOG] [RSA] predictSwitchIn:candidate {name: Roserade, hp: 160, score: 3, reason: Faster + better trade} @ http://localhost:8080/js/roundsim_app.js?047ef0f2:23
[15666048ms] [LOG] [RSA] predictSwitchIn:loop {i: 2, name: Rotom-Wash, setId: Rotom-Wash (Parasol Lady Koko), hp: 148} @ http://localhost:8080/js/roundsim_app.js?047ef0f2:23
[15666051ms] [LOG] [RSA] predictSwitchIn:candidate {name: Rotom-Wash, hp: 148, score: 1, reason: Faster} @ http://localhost:8080/js/roundsim_app.js?047ef0f2:23
[15666052ms] [LOG] [RSA] predictSwitchIn:loop {i: 3, name: Jynx, setId: Jynx (Parasol Lady Koko), hp: 169} @ http://localhost:8080/js/roundsim_app.js?047ef0f2:23
[15666055ms] [LOG] [RSA] predictSwitchIn:candidate {name: Jynx, hp: 169, score: 3, reason: Faster + better trade} @ http://localhost:8080/js/roundsim_app.js?047ef0f2:23
[15666055ms] [LOG] [RSA] predictSwitchIn:loop {i: 4, name: Goodra, setId: Goodra (Parasol Lady Koko), hp: 196} @ http://localhost:8080/js/roundsim_app.js?047ef0f2:23
[15666059ms] [LOG] [RSA] predictSwitchIn:candidate {name: Goodra, hp: 196, score: 3, reason: Faster + better trade} @ http://localhost:8080/js/roundsim_app.js?047ef0f2:23
[15666060ms] [LOG] [RSA] predictSwitchIn:entry {rosterLen: 5, activeIdx: 0, roster: *Barraskewda(161/161), Roserade(160/160), Rotom-Wash(148/148), Jynx(169/169), Goodra(196/196)} @ http://localhost:8080/js/roundsim_app.js?047ef0f2:23
[15666060ms] [LOG] [RSA] predictSwitchIn:loop {i: 1, name: Roserade, setId: Roserade (Parasol Lady Koko), hp: 160} @ http://localhost:8080/js/roundsim_app.js?047ef0f2:23
[15666064ms] [LOG] [RSA] predictSwitchIn:candidate {name: Roserade, hp: 160, score: -1, reason: Slower + OHKO'd} @ http://localhost:8080/js/roundsim_app.js?047ef0f2:23
[15666064ms] [LOG] [RSA] predictSwitchIn:loop {i: 2, name: Rotom-Wash, setId: Rotom-Wash (Parasol Lady Koko), hp: 148} @ http://localhost:8080/js/roundsim_app.js?047ef0f2:23
[15666068ms] [LOG] [RSA] predictSwitchIn:candidate {name: Rotom-Wash, hp: 148, score: 4, reason: OHKO + survives} @ http://localhost:8080/js/roundsim_app.js?047ef0f2:23
[15666068ms] [LOG] [RSA] predictSwitchIn:loop {i: 3, name: Jynx, setId: Jynx (Parasol Lady Koko), hp: 169} @ http://localhost:8080/js/roundsim_app.js?047ef0f2:23
[15666070ms] [LOG] [RSA] predictSwitchIn:candidate {name: Jynx, hp: 169, score: 5, reason: Faster + OHKO} @ http://localhost:8080/js/roundsim_app.js?047ef0f2:23
[15666071ms] [LOG] [RSA] predictSwitchIn:loop {i: 4, name: Goodra, setId: Goodra (Parasol Lady Koko), hp: 196} @ http://localhost:8080/js/roundsim_app.js?047ef0f2:23
[15666074ms] [LOG] [RSA] predictSwitchIn:candidate {name: Goodra, hp: 196, score: 0, reason: Default} @ http://localhost:8080/js/roundsim_app.js?047ef0f2:23
[15666074ms] [LOG] [RSA] predictSwitchIn:entry {rosterLen: 5, activeIdx: 0, roster: *Barraskewda(161/161), Roserade(160/160), Rotom-Wash(148/148), Jynx(169/169), Goodra(196/196)} @ http://localhost:8080/js/roundsim_app.js?047ef0f2:23
[15666076ms] [LOG] [RSA] predictSwitchIn:loop {i: 1, name: Roserade, setId: Roserade (Parasol Lady Koko), hp: 160} @ http://localhost:8080/js/roundsim_app.js?047ef0f2:23
[15666081ms] [LOG] [RSA] predictSwitchIn:candidate {name: Roserade, hp: 160, score: 3, reason: Faster + better trade} @ http://localhost:8080/js/roundsim_app.js?047ef0f2:23
[15666082ms] [LOG] [RSA] predictSwitchIn:loop {i: 2, name: Rotom-Wash, setId: Rotom-Wash (Parasol Lady Koko), hp: 148} @ http://localhost:8080/js/roundsim_app.js?047ef0f2:23
[15666085ms] [LOG] [RSA] predictSwitchIn:candidate {name: Rotom-Wash, hp: 148, score: 3, reason: Faster + better trade} @ http://localhost:8080/js/roundsim_app.js?047ef0f2:23
[15666085ms] [LOG] [RSA] predictSwitchIn:loop {i: 3, name: Jynx, setId: Jynx (Parasol Lady Koko), hp: 169} @ http://localhost:8080/js/roundsim_app.js?047ef0f2:23
[15666088ms] [LOG] [RSA] predictSwitchIn:candidate {name: Jynx, hp: 169, score: 1, reason: Faster} @ http://localhost:8080/js/roundsim_app.js?047ef0f2:23
[15666088ms] [LOG] [RSA] predictSwitchIn:loop {i: 4, name: Goodra, setId: Goodra (Parasol Lady Koko), hp: 196} @ http://localhost:8080/js/roundsim_app.js?047ef0f2:23
[15666092ms] [LOG] [RSA] predictSwitchIn:candidate {name: Goodra, hp: 196, score: 1, reason: Faster} @ http://localhost:8080/js/roundsim_app.js?047ef0f2:23
[15666093ms] [LOG] [RSA] predictSwitchIn:entry {rosterLen: 5, activeIdx: 0, roster: *Barraskewda(161/161), Roserade(160/160), Rotom-Wash(148/148), Jynx(169/169), Goodra(196/196)} @ http://localhost:8080/js/roundsim_app.js?047ef0f2:23
[15666093ms] [LOG] [RSA] predictSwitchIn:loop {i: 1, name: Roserade, setId: Roserade (Parasol Lady Koko), hp: 160} @ http://localhost:8080/js/roundsim_app.js?047ef0f2:23
[15666097ms] [LOG] [RSA] predictSwitchIn:candidate {name: Roserade, hp: 160, score: 1, reason: Faster} @ http://localhost:8080/js/roundsim_app.js?047ef0f2:23
[15666098ms] [LOG] [RSA] predictSwitchIn:loop {i: 2, name: Rotom-Wash, setId: Rotom-Wash (Parasol Lady Koko), hp: 148} @ http://localhost:8080/js/roundsim_app.js?047ef0f2:23
[15666100ms] [LOG] [RSA] predictSwitchIn:candidate {name: Rotom-Wash, hp: 148, score: 3, reason: Faster + better trade} @ http://localhost:8080/js/roundsim_app.js?047ef0f2:23
[15666101ms] [LOG] [RSA] predictSwitchIn:loop {i: 3, name: Jynx, setId: Jynx (Parasol Lady Koko), hp: 169} @ http://localhost:8080/js/roundsim_app.js?047ef0f2:23
[15666103ms] [LOG] [RSA] predictSwitchIn:candidate {name: Jynx, hp: 169, score: 1, reason: Faster} @ http://localhost:8080/js/roundsim_app.js?047ef0f2:23
[15666104ms] [LOG] [RSA] predictSwitchIn:loop {i: 4, name: Goodra, setId: Goodra (Parasol Lady Koko), hp: 196} @ http://localhost:8080/js/roundsim_app.js?047ef0f2:23
[15666106ms] [LOG] [RSA] predictSwitchIn:candidate {name: Goodra, hp: 196, score: 1, reason: Faster} @ http://localhost:8080/js/roundsim_app.js?047ef0f2:23
[15666107ms] [LOG] [RSA] predictSwitchIn:entry {rosterLen: 5, activeIdx: 0, roster: *Barraskewda(161/161), Roserade(160/160), Rotom-Wash(148/148), Jynx(169/169), Goodra(196/196)} @ http://localhost:8080/js/roundsim_app.js?047ef0f2:23
[15666108ms] [LOG] [RSA] predictSwitchIn:loop {i: 1, name: Roserade, setId: Roserade (Parasol Lady Koko), hp: 160} @ http://localhost:8080/js/roundsim_app.js?047ef0f2:23
[15666110ms] [LOG] [RSA] predictSwitchIn:candidate {name: Roserade, hp: 160, score: -1, reason: Slower + OHKO'd} @ http://localhost:8080/js/roundsim_app.js?047ef0f2:23
[15666111ms] [LOG] [RSA] predictSwitchIn:loop {i: 2, name: Rotom-Wash, setId: Rotom-Wash (Parasol Lady Koko), hp: 148} @ http://localhost:8080/js/roundsim_app.js?047ef0f2:23
[15666114ms] [LOG] [RSA] predictSwitchIn:candidate {name: Rotom-Wash, hp: 148, score: 4, reason: OHKO + survives} @ http://localhost:8080/js/roundsim_app.js?047ef0f2:23
[15666115ms] [LOG] [RSA] predictSwitchIn:loop {i: 3, name: Jynx, setId: Jynx (Parasol Lady Koko), hp: 169} @ http://localhost:8080/js/roundsim_app.js?047ef0f2:23
[15666117ms] [LOG] [RSA] predictSwitchIn:candidate {name: Jynx, hp: 169, score: -1, reason: Slower + OHKO'd} @ http://localhost:8080/js/roundsim_app.js?047ef0f2:23
[15666118ms] [LOG] [RSA] predictSwitchIn:loop {i: 4, name: Goodra, setId: Goodra (Parasol Lady Koko), hp: 196} @ http://localhost:8080/js/roundsim_app.js?047ef0f2:23
[15666120ms] [LOG] [RSA] predictSwitchIn:candidate {name: Goodra, hp: 196, score: 2, reason: Better trade} @ http://localhost:8080/js/roundsim_app.js?047ef0f2:23
[15666121ms] [LOG] [RSA] predictSwitchIn:entry {rosterLen: 5, activeIdx: 0, roster: *Barraskewda(161/161), Roserade(160/160), Rotom-Wash(148/148), Jynx(169/169), Goodra(196/196)} @ http://localhost:8080/js/roundsim_app.js?047ef0f2:23
[15666121ms] [LOG] [RSA] predictSwitchIn:loop {i: 1, name: Roserade, setId: Roserade (Parasol Lady Koko), hp: 160} @ http://localhost:8080/js/roundsim_app.js?047ef0f2:23
[15666125ms] [LOG] [RSA] predictSwitchIn:candidate {name: Roserade, hp: 160, score: 5, reason: Faster + OHKO} @ http://localhost:8080/js/roundsim_app.js?047ef0f2:23
[15666125ms] [LOG] [RSA] predictSwitchIn:loop {i: 2, name: Rotom-Wash, setId: Rotom-Wash (Parasol Lady Koko), hp: 148} @ http://localhost:8080/js/roundsim_app.js?047ef0f2:23
[15666128ms] [LOG] [RSA] predictSwitchIn:candidate {name: Rotom-Wash, hp: 148, score: 5, reason: Faster + OHKO} @ http://localhost:8080/js/roundsim_app.js?047ef0f2:23
[15666129ms] [LOG] [RSA] predictSwitchIn:loop {i: 3, name: Jynx, setId: Jynx (Parasol Lady Koko), hp: 169} @ http://localhost:8080/js/roundsim_app.js?047ef0f2:23
[15666132ms] [LOG] [RSA] predictSwitchIn:candidate {name: Jynx, hp: 169, score: 1, reason: Faster} @ http://localhost:8080/js/roundsim_app.js?047ef0f2:23
[15666132ms] [LOG] [RSA] predictSwitchIn:loop {i: 4, name: Goodra, setId: Goodra (Parasol Lady Koko), hp: 196} @ http://localhost:8080/js/roundsim_app.js?047ef0f2:23
[15666134ms] [LOG] [RSA] predictSwitchIn:candidate {name: Goodra, hp: 196, score: 1, reason: Faster} @ http://localhost:8080/js/roundsim_app.js?047ef0f2:23
[15666135ms] [LOG] [RSA] predictSwitchIn:entry {rosterLen: 5, activeIdx: 0, roster: *Barraskewda(161/161), Roserade(160/160), Rotom-Wash(148/148), Jynx(169/169), Goodra(196/196)} @ http://localhost:8080/js/roundsim_app.js?047ef0f2:23
[15666135ms] [LOG] [RSA] predictSwitchIn:loop {i: 1, name: Roserade, setId: Roserade (Parasol Lady Koko), hp: 160} @ http://localhost:8080/js/roundsim_app.js?047ef0f2:23
[15666138ms] [LOG] [RSA] predictSwitchIn:candidate {name: Roserade, hp: 160, score: 0, reason: Default} @ http://localhost:8080/js/roundsim_app.js?047ef0f2:23
[15666138ms] [LOG] [RSA] predictSwitchIn:loop {i: 2, name: Rotom-Wash, setId: Rotom-Wash (Parasol Lady Koko), hp: 148} @ http://localhost:8080/js/roundsim_app.js?047ef0f2:23
[15666142ms] [LOG] [RSA] predictSwitchIn:candidate {name: Rotom-Wash, hp: 148, score: 2, reason: Better trade} @ http://localhost:8080/js/roundsim_app.js?047ef0f2:23
[15666143ms] [LOG] [RSA] predictSwitchIn:loop {i: 3, name: Jynx, setId: Jynx (Parasol Lady Koko), hp: 169} @ http://localhost:8080/js/roundsim_app.js?047ef0f2:23
[15666147ms] [LOG] [RSA] predictSwitchIn:candidate {name: Jynx, hp: 169, score: 1, reason: Faster} @ http://localhost:8080/js/roundsim_app.js?047ef0f2:23
[15666147ms] [LOG] [RSA] predictSwitchIn:loop {i: 4, name: Goodra, setId: Goodra (Parasol Lady Koko), hp: 196} @ http://localhost:8080/js/roundsim_app.js?047ef0f2:23
[15666150ms] [LOG] [RSA] predictSwitchIn:candidate {name: Goodra, hp: 196, score: 0, reason: Default} @ http://localhost:8080/js/roundsim_app.js?047ef0f2:23
[15666150ms] [LOG] [RSA] predictSwitchIn:entry {rosterLen: 5, activeIdx: 0, roster: *Barraskewda(161/161), Roserade(160/160), Rotom-Wash(148/148), Jynx(169/169), Goodra(196/196)} @ http://localhost:8080/js/roundsim_app.js?047ef0f2:23
[15666151ms] [LOG] [RSA] predictSwitchIn:loop {i: 1, name: Roserade, setId: Roserade (Parasol Lady Koko), hp: 160} @ http://localhost:8080/js/roundsim_app.js?047ef0f2:23
[15666154ms] [LOG] [RSA] predictSwitchIn:candidate {name: Roserade, hp: 160, score: 1, reason: Faster} @ http://localhost:8080/js/roundsim_app.js?047ef0f2:23
[15666155ms] [LOG] [RSA] predictSwitchIn:loop {i: 2, name: Rotom-Wash, setId: Rotom-Wash (Parasol Lady Koko), hp: 148} @ http://localhost:8080/js/roundsim_app.js?047ef0f2:23
[15666158ms] [LOG] [RSA] predictSwitchIn:candidate {name: Rotom-Wash, hp: 148, score: 1, reason: Faster} @ http://localhost:8080/js/roundsim_app.js?047ef0f2:23
[15666159ms] [LOG] [RSA] predictSwitchIn:loop {i: 3, name: Jynx, setId: Jynx (Parasol Lady Koko), hp: 169} @ http://localhost:8080/js/roundsim_app.js?047ef0f2:23
[15666161ms] [LOG] [RSA] predictSwitchIn:candidate {name: Jynx, hp: 169, score: 5, reason: Faster + OHKO} @ http://localhost:8080/js/roundsim_app.js?047ef0f2:23
[15666163ms] [LOG] [RSA] predictSwitchIn:loop {i: 4, name: Goodra, setId: Goodra (Parasol Lady Koko), hp: 196} @ http://localhost:8080/js/roundsim_app.js?047ef0f2:23
[15666166ms] [LOG] [RSA] predictSwitchIn:candidate {name: Goodra, hp: 196, score: 1, reason: Faster} @ http://localhost:8080/js/roundsim_app.js?047ef0f2:23
[15666166ms] [LOG] [RSA] predictSwitchIn:entry {rosterLen: 5, activeIdx: 0, roster: *Barraskewda(161/161), Roserade(160/160), Rotom-Wash(148/148), Jynx(169/169), Goodra(196/196)} @ http://localhost:8080/js/roundsim_app.js?047ef0f2:23
[15666167ms] [LOG] [RSA] predictSwitchIn:loop {i: 1, name: Roserade, setId: Roserade (Parasol Lady Koko), hp: 160} @ http://localhost:8080/js/roundsim_app.js?047ef0f2:23
[15666169ms] [LOG] [RSA] predictSwitchIn:candidate {name: Roserade, hp: 160, score: 3, reason: Faster + better trade} @ http://localhost:8080/js/roundsim_app.js?047ef0f2:23
[15666169ms] [LOG] [RSA] predictSwitchIn:loop {i: 2, name: Rotom-Wash, setId: Rotom-Wash (Parasol Lady Koko), hp: 148} @ http://localhost:8080/js/roundsim_app.js?047ef0f2:23
[15666171ms] [LOG] [RSA] predictSwitchIn:candidate {name: Rotom-Wash, hp: 148, score: 1, reason: Faster} @ http://localhost:8080/js/roundsim_app.js?047ef0f2:23
[15666172ms] [LOG] [RSA] predictSwitchIn:loop {i: 3, name: Jynx, setId: Jynx (Parasol Lady Koko), hp: 169} @ http://localhost:8080/js/roundsim_app.js?047ef0f2:23
[15666174ms] [LOG] [RSA] predictSwitchIn:candidate {name: Jynx, hp: 169, score: 1, reason: Faster} @ http://localhost:8080/js/roundsim_app.js?047ef0f2:23
[15666174ms] [LOG] [RSA] predictSwitchIn:loop {i: 4, name: Goodra, setId: Goodra (Parasol Lady Koko), hp: 196} @ http://localhost:8080/js/roundsim_app.js?047ef0f2:23
[15666177ms] [LOG] [RSA] predictSwitchIn:candidate {name: Goodra, hp: 196, score: 1, reason: Faster} @ http://localhost:8080/js/roundsim_app.js?047ef0f2:23
[15666177ms] [LOG] [RSA] predictSwitchIn:entry {rosterLen: 5, activeIdx: 0, roster: *Barraskewda(161/161), Roserade(160/160), Rotom-Wash(148/148), Jynx(169/169), Goodra(196/196)} @ http://localhost:8080/js/roundsim_app.js?047ef0f2:23
[15666178ms] [LOG] [RSA] predictSwitchIn:loop {i: 1, name: Roserade, setId: Roserade (Parasol Lady Koko), hp: 160} @ http://localhost:8080/js/roundsim_app.js?047ef0f2:23
[15666182ms] [LOG] [RSA] predictSwitchIn:candidate {name: Roserade, hp: 160, score: 5, reason: Faster + OHKO} @ http://localhost:8080/js/roundsim_app.js?047ef0f2:23
[15666182ms] [LOG] [RSA] predictSwitchIn:loop {i: 2, name: Rotom-Wash, setId: Rotom-Wash (Parasol Lady Koko), hp: 148} @ http://localhost:8080/js/roundsim_app.js?047ef0f2:23
[15666185ms] [LOG] [RSA] predictSwitchIn:candidate {name: Rotom-Wash, hp: 148, score: 5, reason: Faster + OHKO} @ http://localhost:8080/js/roundsim_app.js?047ef0f2:23
[15666185ms] [LOG] [RSA] predictSwitchIn:loop {i: 3, name: Jynx, setId: Jynx (Parasol Lady Koko), hp: 169} @ http://localhost:8080/js/roundsim_app.js?047ef0f2:23
[15666188ms] [LOG] [RSA] predictSwitchIn:candidate {name: Jynx, hp: 169, score: 5, reason: Faster + OHKO} @ http://localhost:8080/js/roundsim_app.js?047ef0f2:23
[15666188ms] [LOG] [RSA] predictSwitchIn:loop {i: 4, name: Goodra, setId: Goodra (Parasol Lady Koko), hp: 196} @ http://localhost:8080/js/roundsim_app.js?047ef0f2:23
[15666191ms] [LOG] [RSA] predictSwitchIn:candidate {name: Goodra, hp: 196, score: 1, reason: Faster} @ http://localhost:8080/js/roundsim_app.js?047ef0f2:23
[15666191ms] [LOG] [RSA] predictSwitchIn:entry {rosterLen: 5, activeIdx: 0, roster: *Barraskewda(161/161), Roserade(160/160), Rotom-Wash(148/148), Jynx(169/169), Goodra(196/196)} @ http://localhost:8080/js/roundsim_app.js?047ef0f2:23
[15666192ms] [LOG] [RSA] predictSwitchIn:loop {i: 1, name: Roserade, setId: Roserade (Parasol Lady Koko), hp: 160} @ http://localhost:8080/js/roundsim_app.js?047ef0f2:23
[15666195ms] [LOG] [RSA] predictSwitchIn:candidate {name: Roserade, hp: 160, score: 1, reason: Faster} @ http://localhost:8080/js/roundsim_app.js?047ef0f2:23
[15666196ms] [LOG] [RSA] predictSwitchIn:loop {i: 2, name: Rotom-Wash, setId: Rotom-Wash (Parasol Lady Koko), hp: 148} @ http://localhost:8080/js/roundsim_app.js?047ef0f2:23
[15666199ms] [LOG] [RSA] predictSwitchIn:candidate {name: Rotom-Wash, hp: 148, score: 4, reason: OHKO + survives} @ http://localhost:8080/js/roundsim_app.js?047ef0f2:23
[15666200ms] [LOG] [RSA] predictSwitchIn:loop {i: 3, name: Jynx, setId: Jynx (Parasol Lady Koko), hp: 169} @ http://localhost:8080/js/roundsim_app.js?047ef0f2:23
[15666202ms] [LOG] [RSA] predictSwitchIn:candidate {name: Jynx, hp: 169, score: 1, reason: Faster} @ http://localhost:8080/js/roundsim_app.js?047ef0f2:23
[15666202ms] [LOG] [RSA] predictSwitchIn:loop {i: 4, name: Goodra, setId: Goodra (Parasol Lady Koko), hp: 196} @ http://localhost:8080/js/roundsim_app.js?047ef0f2:23
[15666205ms] [LOG] [RSA] predictSwitchIn:candidate {name: Goodra, hp: 196, score: 2, reason: Better trade} @ http://localhost:8080/js/roundsim_app.js?047ef0f2:23
[15666205ms] [LOG] [RSA] predictSwitchIn:entry {rosterLen: 5, activeIdx: 0, roster: *Barraskewda(161/161), Roserade(160/160), Rotom-Wash(148/148), Jynx(169/169), Goodra(196/196)} @ http://localhost:8080/js/roundsim_app.js?047ef0f2:23
[15666206ms] [LOG] [RSA] predictSwitchIn:loop {i: 1, name: Roserade, setId: Roserade (Parasol Lady Koko), hp: 160} @ http://localhost:8080/js/roundsim_app.js?047ef0f2:23
[15666208ms] [LOG] [RSA] predictSwitchIn:candidate {name: Roserade, hp: 160, score: 5, reason: Faster + OHKO} @ http://localhost:8080/js/roundsim_app.js?047ef0f2:23
[15666209ms] [LOG] [RSA] predictSwitchIn:loop {i: 2, name: Rotom-Wash, setId: Rotom-Wash (Parasol Lady Koko), hp: 148} @ http://localhost:8080/js/roundsim_app.js?047ef0f2:23
[15666212ms] [LOG] [RSA] predictSwitchIn:candidate {name: Rotom-Wash, hp: 148, score: 1, reason: Faster} @ http://localhost:8080/js/roundsim_app.js?047ef0f2:23
[15666213ms] [LOG] [RSA] predictSwitchIn:loop {i: 3, name: Jynx, setId: Jynx (Parasol Lady Koko), hp: 169} @ http://localhost:8080/js/roundsim_app.js?047ef0f2:23
[15666216ms] [LOG] [RSA] predictSwitchIn:candidate {name: Jynx, hp: 169, score: 5, reason: Faster + OHKO} @ http://localhost:8080/js/roundsim_app.js?047ef0f2:23
[15666216ms] [LOG] [RSA] predictSwitchIn:loop {i: 4, name: Goodra, setId: Goodra (Parasol Lady Koko), hp: 196} @ http://localhost:8080/js/roundsim_app.js?047ef0f2:23
[15666219ms] [LOG] [RSA] predictSwitchIn:candidate {name: Goodra, hp: 196, score: 0, reason: Default} @ http://localhost:8080/js/roundsim_app.js?047ef0f2:23
[15666220ms] [LOG] [RSA] predictSwitchIn:entry {rosterLen: 5, activeIdx: 0, roster: *Barraskewda(161/161), Roserade(160/160), Rotom-Wash(148/148), Jynx(169/169), Goodra(196/196)} @ http://localhost:8080/js/roundsim_app.js?047ef0f2:23
[15666220ms] [LOG] [RSA] predictSwitchIn:loop {i: 1, name: Roserade, setId: Roserade (Parasol Lady Koko), hp: 160} @ http://localhost:8080/js/roundsim_app.js?047ef0f2:23
[15666223ms] [LOG] [RSA] predictSwitchIn:candidate {name: Roserade, hp: 160, score: 1, reason: Faster} @ http://localhost:8080/js/roundsim_app.js?047ef0f2:23
[15666223ms] [LOG] [RSA] predictSwitchIn:loop {i: 2, name: Rotom-Wash, setId: Rotom-Wash (Parasol Lady Koko), hp: 148} @ http://localhost:8080/js/roundsim_app.js?047ef0f2:23
[15666226ms] [LOG] [RSA] predictSwitchIn:candidate {name: Rotom-Wash, hp: 148, score: 3, reason: Faster + better trade} @ http://localhost:8080/js/roundsim_app.js?047ef0f2:23
[15666227ms] [LOG] [RSA] predictSwitchIn:loop {i: 3, name: Jynx, setId: Jynx (Parasol Lady Koko), hp: 169} @ http://localhost:8080/js/roundsim_app.js?047ef0f2:23
[15666231ms] [LOG] [RSA] predictSwitchIn:candidate {name: Jynx, hp: 169, score: 5, reason: Faster + OHKO} @ http://localhost:8080/js/roundsim_app.js?047ef0f2:23
[15666231ms] [LOG] [RSA] predictSwitchIn:loop {i: 4, name: Goodra, setId: Goodra (Parasol Lady Koko), hp: 196} @ http://localhost:8080/js/roundsim_app.js?047ef0f2:23
[15666234ms] [LOG] [RSA] predictSwitchIn:candidate {name: Goodra, hp: 196, score: 2, reason: Better trade} @ http://localhost:8080/js/roundsim_app.js?047ef0f2:23
[15666234ms] [LOG] [RSA] predictSwitchIn:entry {rosterLen: 5, activeIdx: 0, roster: *Barraskewda(161/161), Roserade(160/160), Rotom-Wash(148/148), Jynx(169/169), Goodra(196/196)} @ http://localhost:8080/js/roundsim_app.js?047ef0f2:23
[15666235ms] [LOG] [RSA] predictSwitchIn:loop {i: 1, name: Roserade, setId: Roserade (Parasol Lady Koko), hp: 160} @ http://localhost:8080/js/roundsim_app.js?047ef0f2:23
[15666237ms] [LOG] [RSA] predictSwitchIn:candidate {name: Roserade, hp: 160, score: 5, reason: Faster + OHKO} @ http://localhost:8080/js/roundsim_app.js?047ef0f2:23
[15666238ms] [LOG] [RSA] predictSwitchIn:loop {i: 2, name: Rotom-Wash, setId: Rotom-Wash (Parasol Lady Koko), hp: 148} @ http://localhost:8080/js/roundsim_app.js?047ef0f2:23
[15666240ms] [LOG] [RSA] predictSwitchIn:candidate {name: Rotom-Wash, hp: 148, score: 3, reason: Faster + better trade} @ http://localhost:8080/js/roundsim_app.js?047ef0f2:23
[15666240ms] [LOG] [RSA] predictSwitchIn:loop {i: 3, name: Jynx, setId: Jynx (Parasol Lady Koko), hp: 169} @ http://localhost:8080/js/roundsim_app.js?047ef0f2:23
[15666243ms] [LOG] [RSA] predictSwitchIn:candidate {name: Jynx, hp: 169, score: 5, reason: Faster + OHKO} @ http://localhost:8080/js/roundsim_app.js?047ef0f2:23
[15666243ms] [LOG] [RSA] predictSwitchIn:loop {i: 4, name: Goodra, setId: Goodra (Parasol Lady Koko), hp: 196} @ http://localhost:8080/js/roundsim_app.js?047ef0f2:23
[15666246ms] [LOG] [RSA] predictSwitchIn:candidate {name: Goodra, hp: 196, score: 1, reason: Faster} @ http://localhost:8080/js/roundsim_app.js?047ef0f2:23
[15666247ms] [LOG] [RSA] predictSwitchIn:entry {rosterLen: 5, activeIdx: 0, roster: *Barraskewda(161/161), Roserade(160/160), Rotom-Wash(148/148), Jynx(169/169), Goodra(196/196)} @ http://localhost:8080/js/roundsim_app.js?047ef0f2:23
[15666247ms] [LOG] [RSA] predictSwitchIn:loop {i: 1, name: Roserade, setId: Roserade (Parasol Lady Koko), hp: 160} @ http://localhost:8080/js/roundsim_app.js?047ef0f2:23
[15666250ms] [LOG] [RSA] predictSwitchIn:candidate {name: Roserade, hp: 160, score: 1, reason: Faster} @ http://localhost:8080/js/roundsim_app.js?047ef0f2:23
[15666250ms] [LOG] [RSA] predictSwitchIn:loop {i: 2, name: Rotom-Wash, setId: Rotom-Wash (Parasol Lady Koko), hp: 148} @ http://localhost:8080/js/roundsim_app.js?047ef0f2:23
[15666253ms] [LOG] [RSA] predictSwitchIn:candidate {name: Rotom-Wash, hp: 148, score: 1, reason: Faster} @ http://localhost:8080/js/roundsim_app.js?047ef0f2:23
[15666253ms] [LOG] [RSA] predictSwitchIn:loop {i: 3, name: Jynx, setId: Jynx (Parasol Lady Koko), hp: 169} @ http://localhost:8080/js/roundsim_app.js?047ef0f2:23
[15666256ms] [LOG] [RSA] predictSwitchIn:candidate {name: Jynx, hp: 169, score: 5, reason: Faster + OHKO} @ http://localhost:8080/js/roundsim_app.js?047ef0f2:23
[15666256ms] [LOG] [RSA] predictSwitchIn:loop {i: 4, name: Goodra, setId: Goodra (Parasol Lady Koko), hp: 196} @ http://localhost:8080/js/roundsim_app.js?047ef0f2:23
[15666259ms] [LOG] [RSA] predictSwitchIn:candidate {name: Goodra, hp: 196, score: 1, reason: Faster} @ http://localhost:8080/js/roundsim_app.js?047ef0f2:23
[15666259ms] [LOG] [RSA] predictSwitchIn:entry {rosterLen: 5, activeIdx: 0, roster: *Barraskewda(161/161), Roserade(160/160), Rotom-Wash(148/148), Jynx(169/169), Goodra(196/196)} @ http://localhost:8080/js/roundsim_app.js?047ef0f2:23
[15666260ms] [LOG] [RSA] predictSwitchIn:loop {i: 1, name: Roserade, setId: Roserade (Parasol Lady Koko), hp: 160} @ http://localhost:8080/js/roundsim_app.js?047ef0f2:23
[15666264ms] [LOG] [RSA] predictSwitchIn:candidate {name: Roserade, hp: 160, score: 1, reason: Faster} @ http://localhost:8080/js/roundsim_app.js?047ef0f2:23
[15666264ms] [LOG] [RSA] predictSwitchIn:loop {i: 2, name: Rotom-Wash, setId: Rotom-Wash (Parasol Lady Koko), hp: 148} @ http://localhost:8080/js/roundsim_app.js?047ef0f2:23
[15666267ms] [LOG] [RSA] predictSwitchIn:candidate {name: Rotom-Wash, hp: 148, score: 1, reason: Faster} @ http://localhost:8080/js/roundsim_app.js?047ef0f2:23
[15666267ms] [LOG] [RSA] predictSwitchIn:loop {i: 3, name: Jynx, setId: Jynx (Parasol Lady Koko), hp: 169} @ http://localhost:8080/js/roundsim_app.js?047ef0f2:23
[15666270ms] [LOG] [RSA] predictSwitchIn:candidate {name: Jynx, hp: 169, score: 5, reason: Faster + OHKO} @ http://localhost:8080/js/roundsim_app.js?047ef0f2:23
[15666271ms] [LOG] [RSA] predictSwitchIn:loop {i: 4, name: Goodra, setId: Goodra (Parasol Lady Koko), hp: 196} @ http://localhost:8080/js/roundsim_app.js?047ef0f2:23
[15666273ms] [LOG] [RSA] predictSwitchIn:candidate {name: Goodra, hp: 196, score: 0, reason: Default} @ http://localhost:8080/js/roundsim_app.js?047ef0f2:23
[15666274ms] [LOG] [RSA] predictSwitchIn:entry {rosterLen: 5, activeIdx: 0, roster: *Barraskewda(161/161), Roserade(160/160), Rotom-Wash(148/148), Jynx(169/169), Goodra(196/196)} @ http://localhost:8080/js/roundsim_app.js?047ef0f2:23
[15666274ms] [LOG] [RSA] predictSwitchIn:loop {i: 1, name: Roserade, setId: Roserade (Parasol Lady Koko), hp: 160} @ http://localhost:8080/js/roundsim_app.js?047ef0f2:23
[15666276ms] [LOG] [RSA] predictSwitchIn:candidate {name: Roserade, hp: 160, score: 1, reason: Faster} @ http://localhost:8080/js/roundsim_app.js?047ef0f2:23
[15666277ms] [LOG] [RSA] predictSwitchIn:loop {i: 2, name: Rotom-Wash, setId: Rotom-Wash (Parasol Lady Koko), hp: 148} @ http://localhost:8080/js/roundsim_app.js?047ef0f2:23
[15666281ms] [LOG] [RSA] predictSwitchIn:candidate {name: Rotom-Wash, hp: 148, score: 1, reason: Faster} @ http://localhost:8080/js/roundsim_app.js?047ef0f2:23
[15666281ms] [LOG] [RSA] predictSwitchIn:loop {i: 3, name: Jynx, setId: Jynx (Parasol Lady Koko), hp: 169} @ http://localhost:8080/js/roundsim_app.js?047ef0f2:23
[15666284ms] [LOG] [RSA] predictSwitchIn:candidate {name: Jynx, hp: 169, score: 3, reason: Faster + better trade} @ http://localhost:8080/js/roundsim_app.js?047ef0f2:23
[15666284ms] [LOG] [RSA] predictSwitchIn:loop {i: 4, name: Goodra, setId: Goodra (Parasol Lady Koko), hp: 196} @ http://localhost:8080/js/roundsim_app.js?047ef0f2:23
[15666287ms] [LOG] [RSA] predictSwitchIn:candidate {name: Goodra, hp: 196, score: 3, reason: Faster + better trade} @ http://localhost:8080/js/roundsim_app.js?047ef0f2:23
[15666288ms] [LOG] [RSA] predictSwitchIn:entry {rosterLen: 5, activeIdx: 0, roster: *Barraskewda(161/161), Roserade(160/160), Rotom-Wash(148/148), Jynx(169/169), Goodra(196/196)} @ http://localhost:8080/js/roundsim_app.js?047ef0f2:23
[15666288ms] [LOG] [RSA] predictSwitchIn:loop {i: 1, name: Roserade, setId: Roserade (Parasol Lady Koko), hp: 160} @ http://localhost:8080/js/roundsim_app.js?047ef0f2:23
[15666291ms] [LOG] [RSA] predictSwitchIn:candidate {name: Roserade, hp: 160, score: 5, reason: Faster + OHKO} @ http://localhost:8080/js/roundsim_app.js?047ef0f2:23
[15666292ms] [LOG] [RSA] predictSwitchIn:loop {i: 2, name: Rotom-Wash, setId: Rotom-Wash (Parasol Lady Koko), hp: 148} @ http://localhost:8080/js/roundsim_app.js?047ef0f2:23
[15666294ms] [LOG] [RSA] predictSwitchIn:candidate {name: Rotom-Wash, hp: 148, score: 5, reason: Faster + OHKO} @ http://localhost:8080/js/roundsim_app.js?047ef0f2:23
[15666295ms] [LOG] [RSA] predictSwitchIn:loop {i: 3, name: Jynx, setId: Jynx (Parasol Lady Koko), hp: 169} @ http://localhost:8080/js/roundsim_app.js?047ef0f2:23
[15666298ms] [LOG] [RSA] predictSwitchIn:candidate {name: Jynx, hp: 169, score: 5, reason: Faster + OHKO} @ http://localhost:8080/js/roundsim_app.js?047ef0f2:23
[15666299ms] [LOG] [RSA] predictSwitchIn:loop {i: 4, name: Goodra, setId: Goodra (Parasol Lady Koko), hp: 196} @ http://localhost:8080/js/roundsim_app.js?047ef0f2:23
[15666301ms] [LOG] [RSA] predictSwitchIn:candidate {name: Goodra, hp: 196, score: 1, reason: Faster} @ http://localhost:8080/js/roundsim_app.js?047ef0f2:23
[15666302ms] [LOG] [RSA] predictSwitchIn:entry {rosterLen: 5, activeIdx: 0, roster: *Barraskewda(161/161), Roserade(160/160), Rotom-Wash(148/148), Jynx(169/169), Goodra(196/196)} @ http://localhost:8080/js/roundsim_app.js?047ef0f2:23
[15666302ms] [LOG] [RSA] predictSwitchIn:loop {i: 1, name: Roserade, setId: Roserade (Parasol Lady Koko), hp: 160} @ http://localhost:8080/js/roundsim_app.js?047ef0f2:23
[15666305ms] [LOG] [RSA] predictSwitchIn:candidate {name: Roserade, hp: 160, score: 1, reason: Faster} @ http://localhost:8080/js/roundsim_app.js?047ef0f2:23
[15666306ms] [LOG] [RSA] predictSwitchIn:loop {i: 2, name: Rotom-Wash, setId: Rotom-Wash (Parasol Lady Koko), hp: 148} @ http://localhost:8080/js/roundsim_app.js?047ef0f2:23
[15666308ms] [LOG] [RSA] predictSwitchIn:candidate {name: Rotom-Wash, hp: 148, score: 4, reason: OHKO + survives} @ http://localhost:8080/js/roundsim_app.js?047ef0f2:23
[15666308ms] [LOG] [RSA] predictSwitchIn:loop {i: 3, name: Jynx, setId: Jynx (Parasol Lady Koko), hp: 169} @ http://localhost:8080/js/roundsim_app.js?047ef0f2:23
[15666311ms] [LOG] [RSA] predictSwitchIn:candidate {name: Jynx, hp: 169, score: 1, reason: Faster} @ http://localhost:8080/js/roundsim_app.js?047ef0f2:23
[15666312ms] [LOG] [RSA] predictSwitchIn:loop {i: 4, name: Goodra, setId: Goodra (Parasol Lady Koko), hp: 196} @ http://localhost:8080/js/roundsim_app.js?047ef0f2:23
[15666315ms] [LOG] [RSA] predictSwitchIn:candidate {name: Goodra, hp: 196, score: 2, reason: Better trade} @ http://localhost:8080/js/roundsim_app.js?047ef0f2:23
[15666315ms] [LOG] [RSA] predictSwitchIn:entry {rosterLen: 5, activeIdx: 0, roster: *Barraskewda(161/161), Roserade(160/160), Rotom-Wash(148/148), Jynx(169/169), Goodra(196/196)} @ http://localhost:8080/js/roundsim_app.js?047ef0f2:23
[15666316ms] [LOG] [RSA] predictSwitchIn:loop {i: 1, name: Roserade, setId: Roserade (Parasol Lady Koko), hp: 160} @ http://localhost:8080/js/roundsim_app.js?047ef0f2:23
[15666318ms] [LOG] [RSA] predictSwitchIn:candidate {name: Roserade, hp: 160, score: 5, reason: Faster + OHKO} @ http://localhost:8080/js/roundsim_app.js?047ef0f2:23
[15666319ms] [LOG] [RSA] predictSwitchIn:loop {i: 2, name: Rotom-Wash, setId: Rotom-Wash (Parasol Lady Koko), hp: 148} @ http://localhost:8080/js/roundsim_app.js?047ef0f2:23
[15666321ms] [LOG] [RSA] predictSwitchIn:candidate {name: Rotom-Wash, hp: 148, score: 5, reason: Faster + OHKO} @ http://localhost:8080/js/roundsim_app.js?047ef0f2:23
[15666322ms] [LOG] [RSA] predictSwitchIn:loop {i: 3, name: Jynx, setId: Jynx (Parasol Lady Koko), hp: 169} @ http://localhost:8080/js/roundsim_app.js?047ef0f2:23
[15666324ms] [LOG] [RSA] predictSwitchIn:candidate {name: Jynx, hp: 169, score: 5, reason: Faster + OHKO} @ http://localhost:8080/js/roundsim_app.js?047ef0f2:23
[15666324ms] [LOG] [RSA] predictSwitchIn:loop {i: 4, name: Goodra, setId: Goodra (Parasol Lady Koko), hp: 196} @ http://localhost:8080/js/roundsim_app.js?047ef0f2:23
[15666327ms] [LOG] [RSA] predictSwitchIn:candidate {name: Goodra, hp: 196, score: 3, reason: Faster + better trade} @ http://localhost:8080/js/roundsim_app.js?047ef0f2:23
[15666328ms] [LOG] [RSA] predictSwitchIn:entry {rosterLen: 5, activeIdx: 0, roster: *Barraskewda(161/161), Roserade(160/160), Rotom-Wash(148/148), Jynx(169/169), Goodra(196/196)} @ http://localhost:8080/js/roundsim_app.js?047ef0f2:23
[15666329ms] [LOG] [RSA] predictSwitchIn:loop {i: 1, name: Roserade, setId: Roserade (Parasol Lady Koko), hp: 160} @ http://localhost:8080/js/roundsim_app.js?047ef0f2:23
[15666332ms] [LOG] [RSA] predictSwitchIn:candidate {name: Roserade, hp: 160, score: 1, reason: Faster} @ http://localhost:8080/js/roundsim_app.js?047ef0f2:23
[15666333ms] [LOG] [RSA] predictSwitchIn:loop {i: 2, name: Rotom-Wash, setId: Rotom-Wash (Parasol Lady Koko), hp: 148} @ http://localhost:8080/js/roundsim_app.js?047ef0f2:23
[15666335ms] [LOG] [RSA] predictSwitchIn:candidate {name: Rotom-Wash, hp: 148, score: 1, reason: Faster} @ http://localhost:8080/js/roundsim_app.js?047ef0f2:23
[15666336ms] [LOG] [RSA] predictSwitchIn:loop {i: 3, name: Jynx, setId: Jynx (Parasol Lady Koko), hp: 169} @ http://localhost:8080/js/roundsim_app.js?047ef0f2:23
[15666338ms] [LOG] [RSA] predictSwitchIn:candidate {name: Jynx, hp: 169, score: 1, reason: Faster} @ http://localhost:8080/js/roundsim_app.js?047ef0f2:23
[15666339ms] [LOG] [RSA] predictSwitchIn:loop {i: 4, name: Goodra, setId: Goodra (Parasol Lady Koko), hp: 196} @ http://localhost:8080/js/roundsim_app.js?047ef0f2:23
[15666341ms] [LOG] [RSA] predictSwitchIn:candidate {name: Goodra, hp: 196, score: 1, reason: Faster} @ http://localhost:8080/js/roundsim_app.js?047ef0f2:23
[15666342ms] [LOG] [RSA] predictSwitchIn:entry {rosterLen: 5, activeIdx: 0, roster: *Barraskewda(161/161), Roserade(160/160), Rotom-Wash(148/148), Jynx(169/169), Goodra(196/196)} @ http://localhost:8080/js/roundsim_app.js?047ef0f2:23
[15666342ms] [LOG] [RSA] predictSwitchIn:loop {i: 1, name: Roserade, setId: Roserade (Parasol Lady Koko), hp: 160} @ http://localhost:8080/js/roundsim_app.js?047ef0f2:23
[15666346ms] [LOG] [RSA] predictSwitchIn:candidate {name: Roserade, hp: 160, score: 1, reason: Faster} @ http://localhost:8080/js/roundsim_app.js?047ef0f2:23
[15666347ms] [LOG] [RSA] predictSwitchIn:loop {i: 2, name: Rotom-Wash, setId: Rotom-Wash (Parasol Lady Koko), hp: 148} @ http://localhost:8080/js/roundsim_app.js?047ef0f2:23
[15666350ms] [LOG] [RSA] predictSwitchIn:candidate {name: Rotom-Wash, hp: 148, score: 1, reason: Faster} @ http://localhost:8080/js/roundsim_app.js?047ef0f2:23
[15666350ms] [LOG] [RSA] predictSwitchIn:loop {i: 3, name: Jynx, setId: Jynx (Parasol Lady Koko), hp: 169} @ http://localhost:8080/js/roundsim_app.js?047ef0f2:23
[15666352ms] [LOG] [RSA] predictSwitchIn:candidate {name: Jynx, hp: 169, score: 5, reason: Faster + OHKO} @ http://localhost:8080/js/roundsim_app.js?047ef0f2:23
[15666353ms] [LOG] [RSA] predictSwitchIn:loop {i: 4, name: Goodra, setId: Goodra (Parasol Lady Koko), hp: 196} @ http://localhost:8080/js/roundsim_app.js?047ef0f2:23
[15666355ms] [LOG] [RSA] predictSwitchIn:candidate {name: Goodra, hp: 196, score: 1, reason: Faster} @ http://localhost:8080/js/roundsim_app.js?047ef0f2:23
[15666356ms] [LOG] [RSA] predictSwitchIn:entry {rosterLen: 5, activeIdx: 0, roster: *Barraskewda(161/161), Roserade(160/160), Rotom-Wash(148/148), Jynx(169/169), Goodra(196/196)} @ http://localhost:8080/js/roundsim_app.js?047ef0f2:23
[15666356ms] [LOG] [RSA] predictSwitchIn:loop {i: 1, name: Roserade, setId: Roserade (Parasol Lady Koko), hp: 160} @ http://localhost:8080/js/roundsim_app.js?047ef0f2:23
[15666359ms] [LOG] [RSA] predictSwitchIn:candidate {name: Roserade, hp: 160, score: 1, reason: Faster} @ http://localhost:8080/js/roundsim_app.js?047ef0f2:23
[15666359ms] [LOG] [RSA] predictSwitchIn:loop {i: 2, name: Rotom-Wash, setId: Rotom-Wash (Parasol Lady Koko), hp: 148} @ http://localhost:8080/js/roundsim_app.js?047ef0f2:23
[15666362ms] [LOG] [RSA] predictSwitchIn:candidate {name: Rotom-Wash, hp: 148, score: 1, reason: Faster} @ http://localhost:8080/js/roundsim_app.js?047ef0f2:23
[15666363ms] [LOG] [RSA] predictSwitchIn:loop {i: 3, name: Jynx, setId: Jynx (Parasol Lady Koko), hp: 169} @ http://localhost:8080/js/roundsim_app.js?047ef0f2:23
[15666365ms] [LOG] [RSA] predictSwitchIn:candidate {name: Jynx, hp: 169, score: 5, reason: Faster + OHKO} @ http://localhost:8080/js/roundsim_app.js?047ef0f2:23
[15666366ms] [LOG] [RSA] predictSwitchIn:loop {i: 4, name: Goodra, setId: Goodra (Parasol Lady Koko), hp: 196} @ http://localhost:8080/js/roundsim_app.js?047ef0f2:23
[15666368ms] [LOG] [RSA] predictSwitchIn:candidate {name: Goodra, hp: 196, score: 1, reason: Faster} @ http://localhost:8080/js/roundsim_app.js?047ef0f2:23
[15666369ms] [LOG] [RSA] predictSwitchIn:entry {rosterLen: 5, activeIdx: 0, roster: *Barraskewda(161/161), Roserade(160/160), Rotom-Wash(148/148), Jynx(169/169), Goodra(196/196)} @ http://localhost:8080/js/roundsim_app.js?047ef0f2:23
[15666369ms] [LOG] [RSA] predictSwitchIn:loop {i: 1, name: Roserade, setId: Roserade (Parasol Lady Koko), hp: 160} @ http://localhost:8080/js/roundsim_app.js?047ef0f2:23
[15666372ms] [LOG] [RSA] predictSwitchIn:candidate {name: Roserade, hp: 160, score: 1, reason: Faster} @ http://localhost:8080/js/roundsim_app.js?047ef0f2:23
[15666372ms] [LOG] [RSA] predictSwitchIn:loop {i: 2, name: Rotom-Wash, setId: Rotom-Wash (Parasol Lady Koko), hp: 148} @ http://localhost:8080/js/roundsim_app.js?047ef0f2:23
[15666375ms] [LOG] [RSA] predictSwitchIn:candidate {name: Rotom-Wash, hp: 148, score: -1, reason: Slower + OHKO'd} @ http://localhost:8080/js/roundsim_app.js?047ef0f2:23
[15666376ms] [LOG] [RSA] predictSwitchIn:loop {i: 3, name: Jynx, setId: Jynx (Parasol Lady Koko), hp: 169} @ http://localhost:8080/js/roundsim_app.js?047ef0f2:23
[15666379ms] [LOG] [RSA] predictSwitchIn:candidate {name: Jynx, hp: 169, score: 5, reason: Faster + OHKO} @ http://localhost:8080/js/roundsim_app.js?047ef0f2:23
[15666380ms] [LOG] [RSA] predictSwitchIn:loop {i: 4, name: Goodra, setId: Goodra (Parasol Lady Koko), hp: 196} @ http://localhost:8080/js/roundsim_app.js?047ef0f2:23
[15666383ms] [LOG] [RSA] predictSwitchIn:candidate {name: Goodra, hp: 196, score: 2, reason: Better trade} @ http://localhost:8080/js/roundsim_app.js?047ef0f2:23
[15666383ms] [LOG] [RSA] predictSwitchIn:entry {rosterLen: 5, activeIdx: 0, roster: *Barraskewda(161/161), Roserade(160/160), Rotom-Wash(148/148), Jynx(169/169), Goodra(196/196)} @ http://localhost:8080/js/roundsim_app.js?047ef0f2:23
[15666384ms] [LOG] [RSA] predictSwitchIn:loop {i: 1, name: Roserade, setId: Roserade (Parasol Lady Koko), hp: 160} @ http://localhost:8080/js/roundsim_app.js?047ef0f2:23
[15666387ms] [LOG] [RSA] predictSwitchIn:candidate {name: Roserade, hp: 160, score: -1, reason: Slower + OHKO'd} @ http://localhost:8080/js/roundsim_app.js?047ef0f2:23
[15666387ms] [LOG] [RSA] predictSwitchIn:loop {i: 2, name: Rotom-Wash, setId: Rotom-Wash (Parasol Lady Koko), hp: 148} @ http://localhost:8080/js/roundsim_app.js?047ef0f2:23
[15666390ms] [LOG] [RSA] predictSwitchIn:candidate {name: Rotom-Wash, hp: 148, score: 0, reason: Default} @ http://localhost:8080/js/roundsim_app.js?047ef0f2:23
[15666390ms] [LOG] [RSA] predictSwitchIn:loop {i: 3, name: Jynx, setId: Jynx (Parasol Lady Koko), hp: 169} @ http://localhost:8080/js/roundsim_app.js?047ef0f2:23
[15666393ms] [LOG] [RSA] predictSwitchIn:candidate {name: Jynx, hp: 169, score: 2, reason: Better trade} @ http://localhost:8080/js/roundsim_app.js?047ef0f2:23
[15666393ms] [LOG] [RSA] predictSwitchIn:loop {i: 4, name: Goodra, setId: Goodra (Parasol Lady Koko), hp: 196} @ http://localhost:8080/js/roundsim_app.js?047ef0f2:23
[15666397ms] [LOG] [RSA] predictSwitchIn:candidate {name: Goodra, hp: 196, score: -1, reason: Slower + OHKO'd} @ http://localhost:8080/js/roundsim_app.js?047ef0f2:23
[15666397ms] [LOG] [RSA] predictSwitchIn:entry {rosterLen: 5, activeIdx: 0, roster: *Barraskewda(161/161), Roserade(160/160), Rotom-Wash(148/148), Jynx(169/169), Goodra(196/196)} @ http://localhost:8080/js/roundsim_app.js?047ef0f2:23
[15666398ms] [LOG] [RSA] predictSwitchIn:loop {i: 1, name: Roserade, setId: Roserade (Parasol Lady Koko), hp: 160} @ http://localhost:8080/js/roundsim_app.js?047ef0f2:23
[15666400ms] [LOG] [RSA] predictSwitchIn:candidate {name: Roserade, hp: 160, score: 1, reason: Faster} @ http://localhost:8080/js/roundsim_app.js?047ef0f2:23
[15666401ms] [LOG] [RSA] predictSwitchIn:loop {i: 2, name: Rotom-Wash, setId: Rotom-Wash (Parasol Lady Koko), hp: 148} @ http://localhost:8080/js/roundsim_app.js?047ef0f2:23
[15666403ms] [LOG] [RSA] predictSwitchIn:candidate {name: Rotom-Wash, hp: 148, score: 5, reason: Faster + OHKO} @ http://localhost:8080/js/roundsim_app.js?047ef0f2:23
[15666404ms] [LOG] [RSA] predictSwitchIn:loop {i: 3, name: Jynx, setId: Jynx (Parasol Lady Koko), hp: 169} @ http://localhost:8080/js/roundsim_app.js?047ef0f2:23
[15666407ms] [LOG] [RSA] predictSwitchIn:candidate {name: Jynx, hp: 169, score: 5, reason: Faster + OHKO} @ http://localhost:8080/js/roundsim_app.js?047ef0f2:23
[15666407ms] [LOG] [RSA] predictSwitchIn:loop {i: 4, name: Goodra, setId: Goodra (Parasol Lady Koko), hp: 196} @ http://localhost:8080/js/roundsim_app.js?047ef0f2:23
[15666410ms] [LOG] [RSA] predictSwitchIn:candidate {name: Goodra, hp: 196, score: 2, reason: Better trade} @ http://localhost:8080/js/roundsim_app.js?047ef0f2:23
[15666410ms] [LOG] [RSA] predictSwitchIn:entry {rosterLen: 5, activeIdx: 0, roster: *Barraskewda(161/161), Roserade(160/160), Rotom-Wash(148/148), Jynx(169/169), Goodra(196/196)} @ http://localhost:8080/js/roundsim_app.js?047ef0f2:23
[15666411ms] [LOG] [RSA] predictSwitchIn:loop {i: 1, name: Roserade, setId: Roserade (Parasol Lady Koko), hp: 160} @ http://localhost:8080/js/roundsim_app.js?047ef0f2:23
[15666415ms] [LOG] [RSA] predictSwitchIn:candidate {name: Roserade, hp: 160, score: 1, reason: Faster} @ http://localhost:8080/js/roundsim_app.js?047ef0f2:23
[15666415ms] [LOG] [RSA] predictSwitchIn:loop {i: 2, name: Rotom-Wash, setId: Rotom-Wash (Parasol Lady Koko), hp: 148} @ http://localhost:8080/js/roundsim_app.js?047ef0f2:23
[15666418ms] [LOG] [RSA] predictSwitchIn:candidate {name: Rotom-Wash, hp: 148, score: 1, reason: Faster} @ http://localhost:8080/js/roundsim_app.js?047ef0f2:23
[15666418ms] [LOG] [RSA] predictSwitchIn:loop {i: 3, name: Jynx, setId: Jynx (Parasol Lady Koko), hp: 169} @ http://localhost:8080/js/roundsim_app.js?047ef0f2:23
[15666421ms] [LOG] [RSA] predictSwitchIn:candidate {name: Jynx, hp: 169, score: 1, reason: Faster} @ http://localhost:8080/js/roundsim_app.js?047ef0f2:23
[15666421ms] [LOG] [RSA] predictSwitchIn:loop {i: 4, name: Goodra, setId: Goodra (Parasol Lady Koko), hp: 196} @ http://localhost:8080/js/roundsim_app.js?047ef0f2:23
[15666424ms] [LOG] [RSA] predictSwitchIn:candidate {name: Goodra, hp: 196, score: 1, reason: Faster} @ http://localhost:8080/js/roundsim_app.js?047ef0f2:23
[15666424ms] [LOG] [RSA] predictSwitchIn:entry {rosterLen: 5, activeIdx: 0, roster: *Barraskewda(161/161), Roserade(160/160), Rotom-Wash(148/148), Jynx(169/169), Goodra(196/196)} @ http://localhost:8080/js/roundsim_app.js?047ef0f2:23
[15666425ms] [LOG] [RSA] predictSwitchIn:loop {i: 1, name: Roserade, setId: Roserade (Parasol Lady Koko), hp: 160} @ http://localhost:8080/js/roundsim_app.js?047ef0f2:23
[15666428ms] [LOG] [RSA] predictSwitchIn:candidate {name: Roserade, hp: 160, score: 1, reason: Faster} @ http://localhost:8080/js/roundsim_app.js?047ef0f2:23
[15666428ms] [LOG] [RSA] predictSwitchIn:loop {i: 2, name: Rotom-Wash, setId: Rotom-Wash (Parasol Lady Koko), hp: 148} @ http://localhost:8080/js/roundsim_app.js?047ef0f2:23
[15666432ms] [LOG] [RSA] predictSwitchIn:candidate {name: Rotom-Wash, hp: 148, score: 1, reason: Faster} @ http://localhost:8080/js/roundsim_app.js?047ef0f2:23
[15666432ms] [LOG] [RSA] predictSwitchIn:loop {i: 3, name: Jynx, setId: Jynx (Parasol Lady Koko), hp: 169} @ http://localhost:8080/js/roundsim_app.js?047ef0f2:23
[15666435ms] [LOG] [RSA] predictSwitchIn:candidate {name: Jynx, hp: 169, score: 1, reason: Faster} @ http://localhost:8080/js/roundsim_app.js?047ef0f2:23
[15666435ms] [LOG] [RSA] predictSwitchIn:loop {i: 4, name: Goodra, setId: Goodra (Parasol Lady Koko), hp: 196} @ http://localhost:8080/js/roundsim_app.js?047ef0f2:23
[15666438ms] [LOG] [RSA] predictSwitchIn:candidate {name: Goodra, hp: 196, score: 1, reason: Faster} @ http://localhost:8080/js/roundsim_app.js?047ef0f2:23
[15666438ms] [LOG] [RSA] predictSwitchIn:entry {rosterLen: 5, activeIdx: 0, roster: *Barraskewda(161/161), Roserade(160/160), Rotom-Wash(148/148), Jynx(169/169), Goodra(196/196)} @ http://localhost:8080/js/roundsim_app.js?047ef0f2:23
[15666439ms] [LOG] [RSA] predictSwitchIn:loop {i: 1, name: Roserade, setId: Roserade (Parasol Lady Koko), hp: 160} @ http://localhost:8080/js/roundsim_app.js?047ef0f2:23
[15666441ms] [LOG] [RSA] predictSwitchIn:candidate {name: Roserade, hp: 160, score: 1, reason: Faster} @ http://localhost:8080/js/roundsim_app.js?047ef0f2:23
[15666442ms] [LOG] [RSA] predictSwitchIn:loop {i: 2, name: Rotom-Wash, setId: Rotom-Wash (Parasol Lady Koko), hp: 148} @ http://localhost:8080/js/roundsim_app.js?047ef0f2:23
[15666444ms] [LOG] [RSA] predictSwitchIn:candidate {name: Rotom-Wash, hp: 148, score: 1, reason: Faster} @ http://localhost:8080/js/roundsim_app.js?047ef0f2:23
[15666445ms] [LOG] [RSA] predictSwitchIn:loop {i: 3, name: Jynx, setId: Jynx (Parasol Lady Koko), hp: 169} @ http://localhost:8080/js/roundsim_app.js?047ef0f2:23
[15666448ms] [LOG] [RSA] predictSwitchIn:candidate {name: Jynx, hp: 169, score: 3, reason: Faster + better trade} @ http://localhost:8080/js/roundsim_app.js?047ef0f2:23
[15666449ms] [LOG] [RSA] predictSwitchIn:loop {i: 4, name: Goodra, setId: Goodra (Parasol Lady Koko), hp: 196} @ http://localhost:8080/js/roundsim_app.js?047ef0f2:23
[15666451ms] [LOG] [RSA] predictSwitchIn:candidate {name: Goodra, hp: 196, score: 3, reason: Faster + better trade} @ http://localhost:8080/js/roundsim_app.js?047ef0f2:23
[15666452ms] [LOG] [RSA] predictSwitchIn:entry {rosterLen: 5, activeIdx: 0, roster: *Barraskewda(161/161), Roserade(160/160), Rotom-Wash(148/148), Jynx(169/169), Goodra(196/196)} @ http://localhost:8080/js/roundsim_app.js?047ef0f2:23
[15666453ms] [LOG] [RSA] predictSwitchIn:loop {i: 1, name: Roserade, setId: Roserade (Parasol Lady Koko), hp: 160} @ http://localhost:8080/js/roundsim_app.js?047ef0f2:23
[15666455ms] [LOG] [RSA] predictSwitchIn:candidate {name: Roserade, hp: 160, score: 1, reason: Faster} @ http://localhost:8080/js/roundsim_app.js?047ef0f2:23
[15666455ms] [LOG] [RSA] predictSwitchIn:loop {i: 2, name: Rotom-Wash, setId: Rotom-Wash (Parasol Lady Koko), hp: 148} @ http://localhost:8080/js/roundsim_app.js?047ef0f2:23
[15666458ms] [LOG] [RSA] predictSwitchIn:candidate {name: Rotom-Wash, hp: 148, score: 0, reason: Default} @ http://localhost:8080/js/roundsim_app.js?047ef0f2:23
[15666458ms] [LOG] [RSA] predictSwitchIn:loop {i: 3, name: Jynx, setId: Jynx (Parasol Lady Koko), hp: 169} @ http://localhost:8080/js/roundsim_app.js?047ef0f2:23
[15666460ms] [LOG] [RSA] predictSwitchIn:candidate {name: Jynx, hp: 169, score: 1, reason: Faster} @ http://localhost:8080/js/roundsim_app.js?047ef0f2:23
[15666461ms] [LOG] [RSA] predictSwitchIn:loop {i: 4, name: Goodra, setId: Goodra (Parasol Lady Koko), hp: 196} @ http://localhost:8080/js/roundsim_app.js?047ef0f2:23
[15666465ms] [LOG] [RSA] predictSwitchIn:candidate {name: Goodra, hp: 196, score: 0, reason: Default} @ http://localhost:8080/js/roundsim_app.js?047ef0f2:23
[15666465ms] [LOG] [RSA] predictSwitchIn:entry {rosterLen: 5, activeIdx: 0, roster: *Barraskewda(161/161), Roserade(160/160), Rotom-Wash(148/148), Jynx(169/169), Goodra(196/196)} @ http://localhost:8080/js/roundsim_app.js?047ef0f2:23
[15666466ms] [LOG] [RSA] predictSwitchIn:loop {i: 1, name: Roserade, setId: Roserade (Parasol Lady Koko), hp: 160} @ http://localhost:8080/js/roundsim_app.js?047ef0f2:23
[15666469ms] [LOG] [RSA] predictSwitchIn:candidate {name: Roserade, hp: 160, score: 1, reason: Faster} @ http://localhost:8080/js/roundsim_app.js?047ef0f2:23
[15666470ms] [LOG] [RSA] predictSwitchIn:loop {i: 2, name: Rotom-Wash, setId: Rotom-Wash (Parasol Lady Koko), hp: 148} @ http://localhost:8080/js/roundsim_app.js?047ef0f2:23
[15666473ms] [LOG] [RSA] predictSwitchIn:candidate {name: Rotom-Wash, hp: 148, score: 5, reason: Faster + OHKO} @ http://localhost:8080/js/roundsim_app.js?047ef0f2:23
[15666473ms] [LOG] [RSA] predictSwitchIn:loop {i: 3, name: Jynx, setId: Jynx (Parasol Lady Koko), hp: 169} @ http://localhost:8080/js/roundsim_app.js?047ef0f2:23
[15666476ms] [LOG] [RSA] predictSwitchIn:candidate {name: Jynx, hp: 169, score: 1, reason: Faster} @ http://localhost:8080/js/roundsim_app.js?047ef0f2:23
[15666477ms] [LOG] [RSA] predictSwitchIn:loop {i: 4, name: Goodra, setId: Goodra (Parasol Lady Koko), hp: 196} @ http://localhost:8080/js/roundsim_app.js?047ef0f2:23
[15666481ms] [LOG] [RSA] predictSwitchIn:candidate {name: Goodra, hp: 196, score: 0, reason: Default} @ http://localhost:8080/js/roundsim_app.js?047ef0f2:23
[15666721ms] [LOG] [RSA] predictSwitchIn:entry {rosterLen: 5, activeIdx: 0, roster: *Barraskewda(161/161), Roserade(160/160), Rotom-Wash(148/148), Jynx(169/169), Goodra(196/196)} @ http://localhost:8080/js/roundsim_app.js?047ef0f2:23
[15666732ms] [LOG] [RSA] predictSwitchIn:loop {i: 1, name: Roserade, setId: Roserade (Parasol Lady Koko), hp: 160} @ http://localhost:8080/js/roundsim_app.js?047ef0f2:23
[15666737ms] [LOG] [RSA] predictSwitchIn:candidate {name: Roserade, hp: 160, score: -1, reason: Slower + OHKO'd} @ http://localhost:8080/js/roundsim_app.js?047ef0f2:23
[15666738ms] [LOG] [RSA] predictSwitchIn:loop {i: 2, name: Rotom-Wash, setId: Rotom-Wash (Parasol Lady Koko), hp: 148} @ http://localhost:8080/js/roundsim_app.js?047ef0f2:23
[15666740ms] [LOG] [RSA] predictSwitchIn:candidate {name: Rotom-Wash, hp: 148, score: -1, reason: Slower + OHKO'd} @ http://localhost:8080/js/roundsim_app.js?047ef0f2:23
[15666740ms] [LOG] [RSA] predictSwitchIn:loop {i: 3, name: Jynx, setId: Jynx (Parasol Lady Koko), hp: 169} @ http://localhost:8080/js/roundsim_app.js?047ef0f2:23
[15666742ms] [LOG] [RSA] predictSwitchIn:candidate {name: Jynx, hp: 169, score: -1, reason: Slower + OHKO'd} @ http://localhost:8080/js/roundsim_app.js?047ef0f2:23
[15666742ms] [LOG] [RSA] predictSwitchIn:loop {i: 4, name: Goodra, setId: Goodra (Parasol Lady Koko), hp: 196} @ http://localhost:8080/js/roundsim_app.js?047ef0f2:23
[15666744ms] [LOG] [RSA] predictSwitchIn:candidate {name: Goodra, hp: 196, score: -1, reason: Slower + OHKO'd} @ http://localhost:8080/js/roundsim_app.js?047ef0f2:23
